ride_id,rideable_type,started_at,ended_at,start_station_name,start_station_id,end_station_name,end_station_id,start_lat,start_lng,end_lat,end_lng,member_casual,ride_length_s,ride_length_min,date,hour_of_day,day_of_week,month,is_weekend,coords_start_invalid,coords_end_invalid,distance_km,long_trip_flag,start_lat_r,start_lng_r,end_lat_r,end_lng_r,_tmp_lat_r,_tmp_lng_r,station_imputation_method,station_imputation_confidence,start_station_type,end_station_type,dist_to_nearest_known_m_end,dist_to_nearest_known_m_start,dist_to_assigned_m_end,dist_to_assigned_m_start,dist_to_second_m_end,dist_to_second_m_start,ambiguous_nearby_end,ambiguous_nearby_start,within_25m_end,within_25m_start,within_50m_end,within_50m_start,within_100m_end,within_100m_start,imputation_method_end,imputation_method_start,imputation_confidence_end,imputation_confidence_start,start_valid_station,end_valid_station
91235792BBB61D08,electric_bike,2022-11-25 10:31:24,2022-11-25 10:41:20,Canal St & Adams St,13011,Canal St & Adams St,13011,41.88,-87.64,41.88,-87.64,member,596.0,9.933333333333334,2022-11-25,10,Friday,November,False,False,False,0.0,False,41.88,-87.64,41.88,-87.64,41.88,-87.64,nearest_100m,low,station,station,1.124209778697984,1.124209778697984,2080.856487034045,2080.856487034045,3.7174455279569423,3.7174455279569423,False,False,True,True,True,True,True,True,nearest_100m,nearest_100m,low,low,True,True
3C8510CB92BF7248,electric_bike,2023-04-22 17:58:28,2023-04-22 18:01:19,Ellis Ave & 58th St,TA1309000011,Ellis Ave & 55th St,KA1504000076,41.79,-87.6,41.79430062054,-87.6014497734,member,171.0,2.85,2023-04-22,17,Saturday,April,True,False,False,0.4930801043253083,False,41.79,-87.6,41.794301,-87.60145,41.794301,-87.60145,nearest_100m,low,station,station,0.0461868142270644,77.68133523892087,15.734638836404075,181.79861781884028,0.1100923851545427,120.22668994543211,False,False,True,False,True,False,True,True,nearest_100m,nearest_100m,low,low,False,True
33C86DBCE8921E0E,electric_bike,2022-05-25 19:14:03,2022-05-25 19:16:54,Ellis Ave & 58th St,TA1309000011,Hyde Park Blvd & 55th St,768,41.79,-87.6,41.79,-87.59,member,171.0,2.85,2022-05-25,19,Wednesday,May,False,False,False,0.8290608330340927,False,41.79,-87.6,41.79,-87.59,41.79,-87.59,nearest_100m,low,station,station,0.0,77.68133523892087,829.0608330362022,181.79861781884028,231.88004044374676,120.22668994543211,False,False,True,False,True,False,True,True,nearest_100m,nearest_100m,low,low,False,True
B9F47C37D3B49B57,electric_bike,2022-06-13 18:21:21,2022-06-13 18:21:59,Wilton Ave & Diversey Pkwy,TA1306000014,Halsted St & Wrightwood Ave,TA1309000061,41.93236783333333,-87.6526975,41.93,-87.65,casual,38.0,0.6333333333333333,2022-06-13,18,Monday,June,False,False,False,0.3451322762329598,False,41.932368,-87.652698,41.93,-87.65,41.93,-87.65,nearest_100m,low,station,station,87.95662537194076,0.0453229873181063,127.3397721035204,8.637450671492415,95.03045629693784,0.1254588924649016,True,False,False,True,False,True,True,True,nearest_100m,nearest_100m,low,low,True,False
A4DC498B1290FDAF,electric_bike,2022-05-28 13:19:38,2022-05-28 13:24:16,New St & Illinois St,TA1306000013,New St & Illinois St,TA1306000013,41.89,-87.62,41.89,-87.62,member,278.0,4.633333333333334,2022-05-28,13,Saturday,May,True,False,False,0.0,False,41.89,-87.62,41.89,-87.62,41.89,-87.62,nearest_100m,low,station,station,25.416315844219778,25.416315844219778,199.1744488447523,199.1744488447523,32.10639446241349,32.10639446241349,False,False,False,False,True,True,True,True,nearest_100m,nearest_100m,low,low,True,True
2759D3B0A0243971,electric_bike,2022-09-24 00:19:16,2022-09-24 00:28:58,,,Milwaukee Ave & Fullerton Ave,428,41.91,-87.69,41.93,-87.7,casual,582.0,9.7,2022-09-24,0,Saturday,September,True,False,False,2.372820693362668,False,41.91,-87.69,41.93,-87.7,41.93,-87.7,nearest_100m,low,no_station,station,0.0,,0.0,,211.57012159522532,,False,,True,,True,,True,,nearest_100m,,low,,False,True
92E1EBCC26C4A9D6,electric_bike,2022-05-04 11:14:45,2022-05-04 11:19:45,Ellis Ave & 58th St,TA1309000011,Lake Park Ave & 53rd St,KA1503000059,41.79,-87.6,41.79949429373,-87.5864498959,member,300.0,5.0,2022-05-04,11,Wednesday,May,False,False,False,1.5415408920362328,False,41.79,-87.6,41.799494,-87.58645,41.799494,-87.58645,nearest_100m,low,station,station,0.0337819984246862,77.68133523892087,19518.36607751829,181.79861781884028,0.1080868049894748,120.22668994543211,False,False,True,False,True,False,True,True,nearest_100m,nearest_100m,low,low,False,True
532B9537B3F51F3B,electric_bike,2022-08-19 17:14:58,2022-08-19 18:34:39,N Clark St & W Elm St,20249.0,Dayton St & North Ave,13058,41.9,-87.63,41.91,-87.65,member,4781.0,79.68333333333334,2022-08-19,17,Friday,August,False,False,False,1.9939739069150275,False,41.9,-87.63,41.91,-87.65,41.91,-87.65,nearest_100m,low,station,station,53.2672077824414,0.0,444.3976381151,0.0,58.480679909137606,28.52218633579553,True,False,False,True,False,True,True,True,nearest_100m,nearest_100m,low,low,True,False
3FB4E51D5B4ED5D0,electric_bike,2022-10-14 15:23:26,2022-10-14 15:28:59,May St & Taylor St,13160,Canal St & Adams St,13011,41.869412184,-87.655429125,41.88,-87.64,member,333.0,5.55,2022-10-14,15,Friday,October,False,False,False,1.737241718016443,False,41.869412,-87.655429,41.88,-87.64,41.88,-87.64,nearest_100m,low,station,station,1.124209778697984,0.0229289591568613,2080.856487034045,274.3155201708533,3.7174455279569423,0.0752863011728855,False,False,True,True,True,True,True,True,nearest_100m,nearest_100m,low,low,True,True
D2ED64F3E473C575,electric_bike,2022-11-18 09:21:45,2022-11-18 09:28:08,LaSalle St & Adams St,KA1503000034,Desplaines St & Jackson Blvd,15539,41.87,-87.63,41.87811890091227,-87.64394760131836,member,383.0,6.383333333333334,2022-11-18,9,Friday,November,False,False,False,1.4658205879437427,False,41.87,-87.63,41.878119,-87.643948,41.878119,-87.643948,nearest_100m,low,station,station,0.0347980319360958,54.71579502924353,34.30606379160079,1317.9801433120017,0.3878567328277075,79.84353016619895,False,False,True,False,True,False,True,True,nearest_100m,nearest_100m,low,low,False,True
8DD15516722C0947,electric_bike,2023-02-14 16:36:29,2023-02-14 16:46:04,Noble St & Milwaukee Ave,13290,Canal St & Adams St,13011,41.900696397,-87.662553787,41.88,-87.64,member,575.0,9.583333333333334,2023-02-14,16,Tuesday,February,False,False,False,2.963362260036596,False,41.900696,-87.662554,41.88,-87.64,41.88,-87.64,nearest_100m,low,station,station,1.124209778697984,0.0475340892772509,2080.856487034045,30.12792906940936,3.7174455279569423,0.0934786158694635,False,False,True,True,True,True,True,True,nearest_100m,nearest_100m,low,low,True,True
6E660C78D5E46FB2,electric_bike,2022-08-12 17:47:54,2022-08-12 17:53:45,Hyde Park Blvd & 55th St,768,Harper Ave & 59th St,KA1503000070,41.8,-87.59,41.8,-87.6,member,351.0,5.85,2022-08-12,17,Friday,August,False,False,False,0.8289314905316261,False,41.8,-87.59,41.8,-87.6,41.8,-87.6,nearest_100m,low,station,station,51.163516063959214,0.0,1629.7856621007566,1386.9627993237789,54.2122123136312,84.32974250692342,True,False,False,True,False,True,True,True,nearest_100m,nearest_100m,low,low,True,False
0E82FB8C9647D14F,electric_bike,2022-10-19 11:39:09,2022-10-19 11:43:41,University Ave & 57th St,KA1503000071,Harper Ave & 59th St,KA1503000070,41.79146433333333,-87.599889,41.8,-87.6,member,272.0,4.533333333333333,2022-10-19,11,Wednesday,October,False,False,False,0.949167433339862,False,41.791464,-87.599889,41.8,-87.6,41.8,-87.6,nearest_100m,low,station,station,51.163516063959214,0.0370649754589669,1629.7856621007566,1305.8121788584851,54.2122123136312,0.0908125374498686,True,False,False,True,False,True,True,True,nearest_100m,nearest_100m,low,low,True,False
C7476CE77E417FEC,electric_bike,2022-08-04 16:50:32,2022-08-04 17:05:33,Clinton St & Washington Blvd,WL-012,Kingsbury St & Kinzie St,KA1503000043,41.8831315,-87.6412785,41.9,-87.66,casual,901.0,15.016666666666667,2022-08-04,16,Thursday,August,False,False,False,2.4330391464218475,False,41.883132,-87.641278,41.9,-87.66,41.9,-87.66,nearest_100m,low,station,station,90.83493923529046,0.0693140593513209,2139.730255848375,39.582513243551226,118.39211065292584,0.1360563322073663,False,False,False,True,False,True,True,True,nearest_100m,nearest_100m,low,low,True,False
DBAFE25D8BE5A618,electric_bike,2023-04-26 15:28:45,2023-04-26 15:36:21,Franklin St & Monroe St,TA1309000007,Kostner Ave & Wrightwood Ave,321,41.8800065,-87.63484533333333,41.89,-87.64,casual,456.0,7.6,2023-04-26,15,Wednesday,April,False,False,False,1.190341836908518,False,41.880006,-87.634845,41.89,-87.64,41.89,-87.64,nearest_100m,low,station,station,0.0,0.0620696877104653,0.0,9266.338527478092,47.12942984193679,0.6753444437590705,False,False,True,True,True,True,True,True,nearest_100m,nearest_100m,low,low,True,True
F75B653E87B0E14F,electric_bike,2022-09-04 20:25:18,2022-09-04 21:16:33,LaSalle St & Adams St,KA1503000034,Wabash Ave & 9th St,TA1309000010,41.87,-87.63,41.870769,-87.625734,member,3075.0,51.25,2022-09-04,20,Sunday,September,True,False,False,0.3634359378934591,False,41.87,-87.63,41.870769,-87.625734,41.870769,-87.625734,nearest_100m,low,station,station,0.0,54.71579502924353,3.268164402605119,1317.9801433120017,0.1386376846162975,79.84353016619895,False,False,True,False,True,False,True,True,nearest_100m,nearest_100m,low,low,False,True
8577403A19C8FFF6,electric_bike,2023-01-27 09:08:37,2023-01-27 09:12:43,Harper Ave & 59th St,KA1503000070,University Ave & 57th St,KA1503000071,41.8,-87.6,41.791478,-87.599861,member,246.0,4.1,2023-01-27,9,Friday,January,False,False,False,0.9476732219512036,False,41.8,-87.6,41.791478,-87.599861,41.791478,-87.599861,nearest_100m,low,station,station,0.0,51.163516063959214,1303.7973037475947,1629.7856621007566,0.1111949263769007,54.2122123136312,False,True,True,False,True,False,True,True,nearest_100m,nearest_100m,low,low,False,True
BB57569D08D72C36,electric_bike,2022-09-23 19:06:26,2022-09-23 19:33:16,Southport Ave & Wellington Ave,TA1307000006,Kostner Ave & Wrightwood Ave,321,41.93558333333333,-87.663748,41.89,-87.64,member,1610.0,26.83333333333333,2022-09-23,19,Friday,September,False,False,False,5.436229850342652,False,41.935583,-87.663748,41.89,-87.64,41.89,-87.64,nearest_100m,low,station,station,0.0,0.0370649747516438,0.0,3803.6538947667455,47.12942984193679,0.1695363487444842,False,False,True,True,True,True,True,True,nearest_100m,nearest_100m,low,low,True,True
77957DA8693E049A,electric_bike,2022-10-13 08:20:41,2022-10-13 08:44:48,Lakeview Ave & Fullerton Pkwy,TA1309000019,New St & Illinois St,TA1306000013,41.925801166666666,-87.63903883333333,41.89,-87.62,member,1447.0,24.116666666666667,2022-10-13,8,Thursday,October,False,False,False,4.281345552326751,False,41.925801,-87.639039,41.89,-87.62,41.89,-87.62,nearest_100m,low,station,station,25.416315844219778,0.0230991828921237,199.1744488447523,42.107547041349214,32.10639446241349,0.3176735429999499,False,False,False,True,True,True,True,True,nearest_100m,nearest_100m,low,low,True,True
39F23103BE0DA689,electric_bike,2023-02-02 08:40:47,2023-02-02 08:54:24,Kostner Ave & Wrightwood Ave,321,Halsted St & Wrightwood Ave,TA1309000061,41.89,-87.64,41.93,-87.65,member,817.0,13.616666666666667,2023-02-02,8,Thursday,February,False,False,False,4.524120530365502,False,41.89,-87.64,41.93,-87.65,41.93,-87.65,nearest_100m,low,station,station,87.95662537194076,0.0,127.3397721035204,0.0,95.03045629693784,47.12942984193679,True,False,False,True,False,True,True,True,nearest_100m,nearest_100m,low,low,True,False
771535D0FBB38789,electric_bike,2022-05-24 18:11:57,2022-05-24 18:28:42,Halsted St & Wrightwood Ave,TA1309000061,N Carpenter St & W Lake St,20251.0,41.93,-87.65,41.89,-87.65,member,1005.0,16.75,2022-05-24,18,Tuesday,May,False,False,False,4.447797065782073,False,41.93,-87.65,41.89,-87.65,41.89,-87.65,nearest_100m,low,station,station,0.0,87.95662537194076,,127.3397721035204,174.3762367209441,95.03045629693784,False,True,True,False,True,False,True,True,nearest_100m,nearest_100m,low,low,False,True
7CC92E611976C8FB,electric_bike,2022-09-26 11:24:59,2022-09-26 11:27:11,Sheffield Ave & Fullerton Ave,TA1306000016,Halsted St & Wrightwood Ave,TA1309000061,41.92561966666667,-87.65376666666667,41.93,-87.65,casual,132.0,2.2,2022-09-26,11,Monday,September,False,False,False,0.5782189427039937,False,41.92562,-87.653767,41.93,-87.65,41.93,-87.65,nearest_100m,low,station,station,87.95662537194076,0.0461984119817123,127.3397721035204,6158.349766742122,95.03045629693784,0.2024673323318888,True,False,False,True,False,True,True,True,nearest_100m,nearest_100m,low,low,True,False
1FF0EFA23A6D29FB,electric_bike,2022-11-17 14:58:45,2022-11-17 15:03:33,Ellis Ave & 58th St,TA1309000011,Hyde Park Blvd & 55th St,768,41.79,-87.6,41.79,-87.59,member,288.0,4.8,2022-11-17,14,Thursday,November,False,False,False,0.8290608330340927,False,41.79,-87.6,41.79,-87.59,41.79,-87.59,nearest_100m,low,station,station,0.0,77.68133523892087,829.0608330362022,181.79861781884028,231.88004044374676,120.22668994543211,False,False,True,False,True,False,True,True,nearest_100m,nearest_100m,low,low,False,True
95E5A2D279D05E38,electric_bike,2022-10-19 07:51:10,2022-10-19 08:14:25,Franklin St & Illinois St,RN-,Dearborn St & Adams St,TA1305000005,41.891084433,-87.635546446,41.88,-87.63,casual,1395.0,23.25,2022-10-19,7,Wednesday,October,False,False,False,1.3152771174256732,False,41.891084,-87.635546,41.88,-87.63,41.88,-87.63,nearest_100m,low,station,station,3.764218197746515,0.0606720093901424,106.48233670149104,10.946775097771688,6.157897946715323,0.6051201942612408,False,False,True,True,True,True,True,True,nearest_100m,nearest_100m,low,low,True,True
E0BCC9C3FE949421,electric_bike,2022-07-17 15:58:38,2022-07-17 16:01:20,Hyde Park Blvd & 55th St,768,Harper Ave & 59th St,KA1503000070,41.8,-87.59,41.8,-87.6,member,162.0,2.7,2022-07-17,15,Sunday,July,True,False,False,0.8289314905316261,False,41.8,-87.59,41.8,-87.6,41.8,-87.6,nearest_100m,low,station,station,51.163516063959214,0.0,1629.7856621007566,1386.9627993237789,54.2122123136312,84.32974250692342,True,False,False,True,False,True,True,True,nearest_100m,nearest_100m,low,low,True,False
D03C1C7910C34B75,electric_bike,2023-04-13 08:18:22,2023-04-13 08:41:44,Avers Ave & Belmont Ave,15640,Halsted St & Wrightwood Ave,TA1309000061,41.939424753,-87.72356987,41.93,-87.65,member,1402.0,23.366666666666667,2023-04-13,8,Thursday,April,False,False,False,6.175177098072965,False,41.939425,-87.72357,41.93,-87.65,41.93,-87.65,nearest_100m,low,station,station,87.95662537194076,0.0294949726003225,127.3397721035204,5131.977327500899,95.03045629693784,0.0770231409375491,True,False,False,True,False,True,True,True,nearest_100m,nearest_100m,low,low,True,False
7D266E864603BC97,electric_bike,2022-08-03 17:20:06,2022-08-03 17:29:21,Halsted St & Wrightwood Ave,TA1309000061,Hampden Ct & Diversey Ave,202480.0,41.93,-87.65,41.93,-87.64,member,555.0,9.25,2022-08-03,17,Wednesday,August,False,False,False,0.8272477416223847,False,41.93,-87.65,41.93,-87.64,41.93,-87.64,nearest_100m,low,station,station,0.0,87.95662537194076,0.0,127.3397721035204,131.57500311343043,95.03045629693784,False,True,True,False,True,False,True,True,nearest_100m,nearest_100m,low,low,False,True
9BA6BA36923E45FB,electric_bike,2022-09-21 17:41:28,2022-09-21 17:48:37,Kingsbury St & Erie St,13265,State St & Kinzie St,13050,41.8939885,-87.6418915,41.89,-87.63,member,429.0,7.15,2022-09-21,17,Wednesday,September,False,False,False,1.0796084576177285,False,41.893988,-87.641892,41.89,-87.63,41.89,-87.63,nearest_100m,low,station,station,45.61803630733041,0.0693098579311671,274.62831524232365,8.963574276291098,48.1545183771011,0.2079295755925011,True,False,False,True,True,True,True,True,nearest_100m,nearest_100m,low,low,True,False
2C8EFA0AB4E15AB2,electric_bike,2022-08-18 11:09:59,2022-08-18 11:16:46,LaSalle St & Adams St,KA1503000034,Clinton St & Tilden St,13037,41.87,-87.63,41.875885,-87.640795,member,407.0,6.783333333333333,2022-08-18,11,Thursday,August,False,False,False,1.1077528335251705,False,41.87,-87.63,41.875885,-87.640795,41.875885,-87.640795,nearest_100m,low,station,station,0.0,54.71579502924353,1125.0942439353644,1317.9801433120017,0.1655898301735603,79.84353016619895,False,False,True,False,True,False,True,True,nearest_100m,nearest_100m,low,low,False,True
B6E072B52D83C361,electric_bike,2022-06-27 09:01:28,2022-06-27 09:38:56,California Ave & Division St,13256,Kostner Ave & Wrightwood Ave,321,41.90302633333334,-87.69754366666666,41.89,-87.64,casual,2248.0,37.46666666666667,2022-06-27,9,Monday,June,False,False,False,4.978168540025876,False,41.903026,-87.697544,41.89,-87.64,41.89,-87.64,nearest_100m,low,station,station,0.0,0.0462042425957504,0.0,1818.370201304256,47.12942984193679,0.1329344258321291,False,False,True,True,True,True,True,True,nearest_100m,nearest_100m,low,low,True,True
37DEF60CBF201BF7,electric_bike,2022-05-20 18:28:32,2022-05-20 18:35:32,Sedgwick St & North Ave,TA1307000038,Dayton St & North Ave,13058,41.91134933333333,-87.6387365,41.91,-87.65,casual,420.0,7.0,2022-05-20,18,Friday,May,False,False,False,0.9440518979043792,False,41.911349,-87.638736,41.91,-87.65,41.91,-87.65,nearest_100m,low,station,station,53.2672077824414,0.0555487153510866,444.3976381151,7.902341548935103,58.480679909137606,0.0848946245781341,True,False,False,True,False,True,True,True,nearest_100m,nearest_100m,low,low,True,False
1DB8A119B4B097FC,electric_bike,2022-07-14 16:51:17,2022-07-14 16:59:33,Clark St & 9th St (AMLI),SL-009,Dearborn St & Adams St,TA1305000005,41.87083916666667,-87.63126466666667,41.88,-87.63,casual,496.0,8.266666666666667,2022-07-14,16,Thursday,July,False,False,False,1.0240057039079706,False,41.870839,-87.631265,41.88,-87.63,41.88,-87.63,nearest_100m,low,station,station,3.764218197746515,0.0332451473302838,106.48233670149104,147.60575178426055,6.157897946715323,0.8802851883129018,False,False,True,True,True,True,True,True,nearest_100m,nearest_100m,low,low,True,True
27A28DC4E4A841A3,electric_bike,2022-06-24 10:15:32,2022-06-24 10:33:58,Ellis Ave & 58th St,TA1309000011,63rd St Beach,15491,41.79,-87.6,41.78091096424803,-87.57632374763489,casual,1106.0,18.433333333333334,2022-06-24,10,Friday,June,False,False,False,2.207932632748744,False,41.79,-87.6,41.780911,-87.576324,41.780911,-87.576324,nearest_100m,low,station,station,0.0212998492700812,77.68133523892087,10.874059366066394,181.79861781884028,0.2278626242076014,120.22668994543211,False,False,True,False,True,False,True,True,nearest_100m,nearest_100m,low,low,False,True
58BC2682C7B33D8B,electric_bike,2022-05-05 18:14:40,2022-05-05 18:18:01,Public Rack - Woodlawn Ave & 63rd St N,951,Ellis Ave & 58th St,TA1309000011,41.78,-87.6,41.79,-87.6,member,201.0,3.35,2022-05-05,18,Thursday,May,False,False,False,1.1119492664455182,False,41.78,-87.6,41.79,-87.6,41.79,-87.6,nearest_100m,low,station,station,77.68133523892087,0.0,181.79861781884028,0.0,120.22668994543211,300.0001645469039,False,False,False,True,False,True,True,True,nearest_100m,nearest_100m,low,low,True,False
819D43EE22370D27,electric_bike,2023-03-19 13:52:39,2023-03-19 14:07:46,N Southport Ave & W Newport Ave,20257.0,Kingsbury St & Kinzie St,KA1503000043,41.94,-87.66,41.9,-87.66,member,907.0,15.116666666666667,2023-03-19,13,Sunday,March,True,False,False,4.447797065782073,False,41.94,-87.66,41.9,-87.66,41.9,-87.66,nearest_100m,low,station,station,90.83493923529046,0.0,2139.730255848375,0.0,118.39211065292584,70.31885174290834,False,False,False,True,False,True,True,True,nearest_100m,nearest_100m,low,low,True,False
1266963409F0CB35,electric_bike,2022-08-01 16:20:49,2022-08-01 16:29:55,Dearborn St & Erie St,13045,Kostner Ave & Wrightwood Ave,321,41.894215333333335,-87.62939366666667,41.89,-87.64,casual,546.0,9.1,2022-08-01,16,Monday,August,False,False,False,0.9952178854948004,False,41.894215,-87.629394,41.89,-87.64,41.89,-87.64,nearest_100m,low,station,station,0.0,0.0462065136129972,0.0,55.97316143647123,47.12942984193679,0.1164194347286557,False,False,True,True,True,True,True,True,nearest_100m,nearest_100m,low,low,True,True
96AF0C35DFEA268A,electric_bike,2022-09-29 14:47:24,2022-09-29 14:55:56,State St & Van Buren St,TA1305000035,LaSalle St & Adams St,KA1503000034,41.877102,-87.62807233333334,41.87,-87.63,member,512.0,8.533333333333333,2022-09-29,14,Thursday,September,False,False,False,0.8056739342457406,False,41.877102,-87.628072,41.87,-87.63,41.87,-87.63,nearest_100m,low,station,station,54.71579502924353,0.027597780021865,1317.9801433120017,56.05606304851541,79.84353016619895,0.4553498581600773,False,False,False,True,False,True,True,True,nearest_100m,nearest_100m,low,low,True,False
E5EE2BF554F68908,electric_bike,2023-03-20 14:52:02,2023-03-20 14:55:53,,,Dearborn St & Adams St,TA1305000005,41.88,-87.62,41.88,-87.63,member,231.0,3.85,2023-03-20,14,Monday,March,False,False,False,0.8278958418179178,False,41.88,-87.62,41.88,-87.63,41.88,-87.63,nearest_100m,low,no_station,station,3.764218197746515,,106.48233670149104,,6.157897946715323,,False,,True,,True,,True,,nearest_100m,,low,,False,True
FE7A1224F55BA837,electric_bike,2022-08-08 16:05:44,2022-08-08 16:10:02,Kimbark Ave & 53rd St,TA1309000037,Ellis Ave & 58th St,TA1309000011,41.7996205,-87.59471683333334,41.79,-87.6,member,258.0,4.3,2022-08-08,16,Monday,August,False,False,False,1.155935895020553,False,41.79962,-87.594717,41.79,-87.6,41.79,-87.6,nearest_100m,low,station,station,77.68133523892087,0.0572882969053346,181.79861781884028,9.870582624228334,120.22668994543211,0.1115515857186744,False,False,False,True,False,True,True,True,nearest_100m,nearest_100m,low,low,True,False
24E9FFF487EC2917,electric_bike,2023-02-11 14:20:25,2023-02-11 14:23:43,Ravenswood Ave & Irving Park Rd,TA1307000149,Clark St & Grace St,TA1307000127,41.95461866666667,-87.6738625,41.95,-87.67,member,198.0,3.3,2023-02-11,14,Saturday,February,True,False,False,0.6047982813873519,False,41.954619,-87.673862,41.95,-87.67,41.95,-87.67,nearest_100m,low,station,station,77.23800570195117,0.055527820693899,899.3714432937376,18.546213523258,97.98432603619533,0.08488095260515,False,False,False,True,False,True,True,True,nearest_100m,nearest_100m,low,low,True,False
29CED027AAD4EFF9,electric_bike,2022-09-14 08:27:56,2022-09-14 08:55:15,Halsted St & 35th St,TA1308000043,State St & Kinzie St,13050,41.83065766666667,-87.64719316666667,41.89,-87.63,member,1639.0,27.316666666666663,2022-09-14,8,Wednesday,September,False,False,False,6.75043968201493,False,41.830658,-87.647193,41.89,-87.63,41.89,-87.63,nearest_100m,low,station,station,45.61803630733041,0.0395537417180818,274.62831524232365,27.0399076411347,48.1545183771011,0.264974507028826,True,False,False,True,True,True,True,True,nearest_100m,nearest_100m,low,low,True,False
949370320F6DE7C0,electric_bike,2023-04-09 13:28:32,2023-04-09 13:31:52,Halsted St & Wrightwood Ave,TA1309000061,Stockton Dr & Wrightwood Ave,13276,41.93,-87.65,41.93132,-87.638742,member,200.0,3.333333333333333,2023-04-09,13,Sunday,April,True,False,False,0.9428012531228812,False,41.93,-87.65,41.93132,-87.638742,41.93132,-87.638742,nearest_100m,low,station,station,0.0,87.95662537194076,7030.371851300307,127.3397721035204,0.0827230637503665,95.03045629693784,False,True,True,False,True,False,True,True,nearest_100m,nearest_100m,low,low,False,True
0EDD6BA18E5FF79C,electric_bike,2022-07-16 00:53:54,2022-07-16 01:24:05,Dearborn Pkwy & Delaware Pl,TA1307000128,Clarendon Ave & Junior Ter,13389,41.8989405,-87.62984066666667,41.96,-87.65,member,1811.0,30.183333333333334,2022-07-16,0,Saturday,July,True,False,False,6.991322457517753,False,41.89894,-87.629841,41.96,-87.65,41.96,-87.65,nearest_100m,low,station,station,55.23311176225137,0.0620660525015673,117.6034822484796,35.7073499667688,71.44822757924236,0.0783297230900423,False,False,False,True,False,True,True,True,nearest_100m,nearest_100m,low,low,True,False
42D7AE9CC599DE60,electric_bike,2022-07-01 15:31:16,2022-07-01 15:56:18,DuSable Lake Shore Dr & Diversey Pkwy,TA1309000039,State St & Kinzie St,13050,41.932583,-87.63636666666666,41.89,-87.63,casual,1502.0,25.03333333333333,2022-07-01,15,Friday,July,False,False,False,4.764232259971862,False,41.932583,-87.636367,41.89,-87.63,41.89,-87.63,nearest_100m,low,station,station,45.61803630733041,0.0275738085970852,274.62831524232365,8.990384760016495,48.1545183771011,0.1145627625391119,True,False,False,True,True,True,True,True,nearest_100m,nearest_100m,low,low,True,False
089857356F1742CD,electric_bike,2023-04-28 10:59:36,2023-04-28 11:04:22,Sheffield Ave & Fullerton Ave,TA1306000016,Dayton St & North Ave,13058,41.925665736,-87.653582573,41.91,-87.65,member,286.0,4.766666666666667,2023-04-28,10,Friday,April,False,False,False,1.7669913127433607,False,41.925666,-87.653583,41.91,-87.65,41.91,-87.65,nearest_100m,low,station,station,53.2672077824414,0.0459310436237103,444.3976381151,6171.675509109055,58.480679909137606,0.6981362990640929,True,False,False,True,False,True,True,True,nearest_100m,nearest_100m,low,low,True,False
7EDF352AFCE586CC,electric_bike,2022-07-30 11:19:44,2022-07-30 11:23:45,Wabash Ave & Grand Ave,TA1307000117,State St & Kinzie St,13050,41.89133383333333,-87.62681316666666,41.89,-87.63,casual,241.0,4.016666666666667,2022-07-30,11,Saturday,July,True,False,False,0.302628489413596,False,41.891334,-87.626813,41.89,-87.63,41.89,-87.63,nearest_100m,low,station,station,45.61803630733041,0.0231036292436694,274.62831524232365,17.699265258500994,48.1545183771011,0.1528814045536508,True,False,False,True,True,True,True,True,nearest_100m,nearest_100m,low,low,True,False
3A58033F2FA2492A,electric_bike,2022-08-25 13:34:48,2022-08-25 13:40:48,N Green St & W Lake St,20246.0,Dearborn St & Adams St,TA1305000005,41.89,-87.65,41.88,-87.63,casual,360.0,6.0,2022-08-25,13,Thursday,August,False,False,False,1.994404220508176,False,41.89,-87.65,41.88,-87.63,41.88,-87.63,nearest_100m,low,station,station,3.764218197746515,0.0,106.48233670149104,0.0,6.157897946715323,174.3762367209441,False,False,True,True,True,True,True,True,nearest_100m,nearest_100m,low,low,True,True
96C152038F5EDA5D,electric_bike,2023-04-15 21:02:24,2023-04-15 21:04:04,Hyde Park Blvd & 55th St,768,Harper Ave & 59th St,KA1503000070,41.8,-87.59,41.8,-87.6,member,100.0,1.6666666666666667,2023-04-15,21,Saturday,April,True,False,False,0.8289314905316261,False,41.8,-87.59,41.8,-87.6,41.8,-87.6,nearest_100m,low,station,station,51.163516063959214,0.0,1629.7856621007566,1386.9627993237789,54.2122123136312,84.32974250692342,True,False,False,True,False,True,True,True,nearest_100m,nearest_100m,low,low,True,False
196E379989BE38EE,electric_bike,2023-02-14 08:10:02,2023-02-14 08:19:20,LaSalle St & Adams St,KA1503000034,Columbus Dr & Randolph St,13263,41.87,-87.63,41.884728,-87.619521,member,558.0,9.3,2023-02-14,8,Tuesday,February,False,False,False,1.8532945682107167,False,41.87,-87.63,41.884728,-87.619521,41.884728,-87.619521,nearest_100m,low,station,station,0.0,54.71579502924353,6013.646820885476,1317.9801433120017,0.7415370856621318,79.84353016619895,False,False,True,False,True,False,True,True,nearest_100m,nearest_100m,low,low,False,True
EF1F9ECC5B74049E,electric_bike,2022-10-24 00:52:44,2022-10-24 00:56:55,Clarendon Ave & Leland Ave,TA1307000119,Clarendon Ave & Junior Ter,13389,41.96794333333333,-87.649962,41.96,-87.65,casual,251.0,4.183333333333334,2022-10-24,0,Monday,October,False,False,False,0.8832639553126509,False,41.967943,-87.649962,41.96,-87.65,41.96,-87.65,nearest_100m,low,station,station,55.23311176225137,0.0370649754589669,117.6034822484796,2099.217043387981,71.44822757924236,0.0906038578831139,False,False,False,True,False,True,True,True,nearest_100m,nearest_100m,low,low,True,False
5C2CB0B768B0D9C7,electric_bike,2022-11-08 23:58:44,2022-11-09 00:02:33,McCormick Place,TA1305000004,Ping Tom Park (East),20260.0,41.85,-87.62,41.86,-87.63,casual,229.0,3.816666666666667,2022-11-08,23,Tuesday,November,False,False,False,1.3864988146404205,False,41.85,-87.62,41.86,-87.63,41.86,-87.63,nearest_100m,low,station,station,0.0,95.4169862351954,0.0,11797.58109545492,59.21869132070125,107.2351030031756,False,False,True,False,True,False,True,True,nearest_100m,nearest_100m,low,low,False,True
0B93529E89252C61,electric_bike,2023-04-03 18:04:06,2023-04-03 18:06:16,Hampden Ct & Diversey Ave,202480.0,Halsted St & Wrightwood Ave,TA1309000061,41.93,-87.64,41.93,-87.65,member,130.0,2.1666666666666665,2023-04-03,18,Monday,April,False,False,False,0.8272477416223847,False,41.93,-87.64,41.93,-87.65,41.93,-87.65,nearest_100m,low,station,station,87.95662537194076,0.0,127.3397721035204,0.0,95.03045629693784,131.57500311343043,True,False,False,True,False,True,True,True,nearest_100m,nearest_100m,low,low,True,False
BA7A4AB52CB1E456,electric_bike,2023-03-05 09:55:01,2023-03-05 09:58:52,Wells St & Huron St,TA1306000012,State St & Kinzie St,13050,41.89480666666667,-87.6344055,41.89,-87.63,member,231.0,3.85,2023-03-05,9,Sunday,March,True,False,False,0.6470251792502487,False,41.894807,-87.634406,41.89,-87.63,41.89,-87.63,nearest_100m,low,station,station,45.61803630733041,0.0555567018711168,274.62831524232365,8.890764793812021,48.1545183771011,0.0848998485262188,True,False,False,True,True,True,True,True,nearest_100m,nearest_100m,low,low,True,False
A5C05D0AD6F3613D,electric_bike,2022-09-16 06:44:45,2022-09-16 07:12:09,Western Ave & Grace St,431,New St & Illinois St,TA1306000013,41.95,-87.69,41.89,-87.62,member,1644.0,27.4,2022-09-16,6,Friday,September,False,False,False,8.834852889364317,False,41.95,-87.69,41.89,-87.62,41.89,-87.62,nearest_100m,low,station,station,25.416315844219778,0.0,199.1744488447523,0.0,32.10639446241349,163.35894904770714,False,False,False,True,True,True,True,True,nearest_100m,nearest_100m,low,low,True,True
A42FAD166D474A59,electric_bike,2023-04-25 16:27:02,2023-04-25 16:33:38,Wells St & Elm St,KA1504000135,Dearborn St & Adams St,TA1305000005,41.90327916666666,-87.6343955,41.88,-87.63,casual,396.0,6.6,2023-04-25,16,Tuesday,April,False,False,False,2.6139699699794705,False,41.903279,-87.634396,41.88,-87.63,41.88,-87.63,nearest_100m,low,station,station,3.764218197746515,0.0453401963703377,106.48233670149104,7519.865465500842,6.157897946715323,0.3837721076109053,False,False,True,True,True,True,True,True,nearest_100m,nearest_100m,low,low,True,True
EDF296C5DCED0329,electric_bike,2022-06-25 06:09:08,2022-06-25 06:21:35,Honore St & Division St,TA1305000034,New St & Illinois St,TA1306000013,41.90315133333333,-87.67378833333333,41.89,-87.62,member,747.0,12.45,2022-06-25,6,Saturday,June,True,False,False,4.685982770142833,False,41.903151,-87.673788,41.89,-87.62,41.89,-87.62,nearest_100m,low,station,station,25.416315844219778,0.046204208020012,199.1744488447523,32.98880204841751,32.10639446241349,0.0664671227840351,False,False,False,True,True,True,True,True,nearest_100m,nearest_100m,low,low,True,True
3C0FB324AB7ECC86,electric_bike,2022-09-06 20:45:44,2022-09-06 20:54:20,LaSalle St & Adams St,KA1503000034,Franklin St & Jackson Blvd,TA1305000025,41.87,-87.63,41.8777079559,-87.6353211408,member,516.0,8.6,2022-09-06,20,Tuesday,September,False,False,False,0.9636929781987548,False,41.87,-87.63,41.877708,-87.635321,41.877708,-87.635321,nearest_100m,low,station,station,0.0126465945296202,54.71579502924353,46.11855120892106,1317.9801433120017,0.5081847500194349,79.84353016619895,False,False,True,False,True,False,True,True,nearest_100m,nearest_100m,low,low,False,True
566AC282790848C2,electric_bike,2022-08-25 19:01:34,2022-08-25 19:27:55,,,Dearborn St & Adams St,TA1305000005,41.91,-87.62,41.88,-87.63,member,1581.0,26.35,2022-08-25,19,Thursday,August,False,False,False,3.437000177985504,False,41.91,-87.62,41.88,-87.63,41.88,-87.63,nearest_100m,low,no_station,station,3.764218197746515,,106.48233670149104,,6.157897946715323,,False,,True,,True,,True,,nearest_100m,,low,,False,True
A4633A6A5D7D8B2D,electric_bike,2022-09-09 07:48:16,2022-09-09 08:02:41,Dayton St & North Ave,13058,Dearborn St & Adams St,TA1305000005,41.91046883333333,-87.64946116666667,41.88,-87.63,casual,865.0,14.416666666666666,2022-09-09,7,Friday,September,False,False,False,3.7514097976091927,False,41.910469,-87.649461,41.88,-87.63,41.88,-87.63,nearest_100m,low,station,station,3.764218197746515,0.0231011607662153,106.48233670149104,376.3335632601329,6.157897946715323,1.1832234151347931,False,False,True,True,True,True,True,True,nearest_100m,nearest_100m,low,low,True,True
C220265780EAABC5,electric_bike,2022-08-05 17:46:21,2022-08-05 17:50:05,Clark St & Wrightwood Ave,TA1305000014,Larrabee St & Webster Ave,13193,41.92,-87.64,41.921822,-87.64414,member,224.0,3.733333333333333,2022-08-05,17,Friday,August,False,False,False,0.3979597583185186,False,41.92,-87.64,41.921822,-87.64414,41.921822,-87.64414,nearest_100m,low,station,station,0.0,95.54530118793404,7412.674783598053,1106.0520003145684,0.1111949263769007,180.94145086603965,False,False,True,False,True,False,True,True,nearest_100m,nearest_100m,low,low,False,True
CFF2ACA61AA79260,electric_bike,2022-11-01 18:07:48,2022-11-01 18:26:55,Dayton St & North Ave,13058,Clark St & Grace St,TA1307000127,41.910667419,-87.649487734,41.95,-87.67,casual,1147.0,19.116666666666667,2022-11-01,18,Tuesday,November,False,False,False,4.69122353727443,False,41.910667,-87.649488,41.95,-87.67,41.95,-87.67,nearest_100m,low,station,station,77.23800570195117,0.0515285865207406,899.3714432937376,363.7377140234681,97.98432603619533,0.2778753423467297,False,False,False,True,False,True,True,True,nearest_100m,nearest_100m,low,low,True,False
547319BF48E10FD3,electric_bike,2023-01-05 06:57:20,2023-01-05 06:57:31,New St & Illinois St,TA1306000013,New St & Illinois St,TA1306000013,41.89,-87.62,41.89,-87.62,member,11.0,0.1833333333333333,2023-01-05,6,Thursday,January,False,False,False,0.0,False,41.89,-87.62,41.89,-87.62,41.89,-87.62,nearest_100m,low,station,station,25.416315844219778,25.416315844219778,199.1744488447523,199.1744488447523,32.10639446241349,32.10639446241349,False,False,False,False,True,True,True,True,nearest_100m,nearest_100m,low,low,True,True
6F82E051A869910F,electric_bike,2022-07-02 14:25:52,2022-07-02 14:35:23,900 W Harrison St,13028,LaSalle St & Adams St,KA1503000034,41.87471583333333,-87.64977966666666,41.87,-87.63,casual,571.0,9.516666666666667,2022-07-02,14,Saturday,July,True,False,False,1.719646349540092,False,41.874716,-87.64978,41.87,-87.63,41.87,-87.63,nearest_100m,low,station,station,54.71579502924353,0.0332437585298838,1317.9801433120017,247.77878815215337,79.84353016619895,0.1119399937967373,False,False,False,True,False,True,True,True,nearest_100m,nearest_100m,low,low,True,False
87E5F0789E614A7A,electric_bike,2022-06-06 13:31:00,2022-06-06 13:50:57,Halsted St & Wrightwood Ave,TA1309000061,Larrabee St & Division St,KA1504000079,41.93,-87.65,41.90348607004,-87.6433534936,member,1197.0,19.95,2022-06-06,13,Monday,June,False,False,False,2.999067888085878,False,41.93,-87.65,41.903486,-87.643353,41.903486,-87.643353,nearest_100m,low,station,station,0.0415856953162762,87.95662537194076,7089.915845476295,127.3397721035204,0.1715696962959216,95.03045629693784,False,True,True,False,True,False,True,True,nearest_100m,nearest_100m,low,low,False,True
C1D2A652C5D60A0C,electric_bike,2022-10-03 18:57:32,2022-10-03 19:17:11,Marine Dr & Ainslie St,KA1504000171,Halsted St & Wrightwood Ave,TA1309000061,41.971636,-87.6501755,41.93,-87.65,member,1179.0,19.65,2022-10-03,18,Monday,October,False,False,False,4.629734714481359,False,41.971636,-87.650176,41.93,-87.65,41.93,-87.65,nearest_100m,low,station,station,87.95662537194076,0.0413353789310116,127.3397721035204,16.8239958658026,95.03045629693784,0.1240061357412794,True,False,False,True,False,True,True,True,nearest_100m,nearest_100m,low,low,True,False
5E95C4059B4935ED,electric_bike,2022-10-12 07:55:55,2022-10-12 08:02:52,Cornell Ave & Hyde Park Blvd,KA1503000007,Ellis Ave & 58th St,TA1309000011,41.802373409,-87.586995602,41.79,-87.6,casual,417.0,6.95,2022-10-12,7,Wednesday,October,False,False,False,1.7479018977517633,False,41.802373,-87.586996,41.79,-87.6,41.79,-87.6,nearest_100m,low,station,station,77.68133523892087,0.0561842596880422,181.79861781884028,13969.372009807968,120.22668994543211,0.2053771961311414,False,False,False,True,False,True,True,True,nearest_100m,nearest_100m,low,low,True,False
4190BA9B01546D5B,electric_bike,2022-06-11 11:21:58,2022-06-11 12:23:50,,,Hyde Park Blvd & 55th St,768,41.91,-87.63,41.8,-87.59,member,3712.0,61.86666666666667,2022-06-11,11,Saturday,June,True,False,False,12.67214760016679,False,41.91,-87.63,41.8,-87.59,41.8,-87.59,nearest_100m,low,no_station,station,0.0,,1386.9627993237789,,84.32974250692342,,False,,True,,True,,True,,nearest_100m,,low,,False,True
57A5D248FE2AD4E5,electric_bike,2022-11-26 17:15:36,2022-11-26 17:22:25,Halsted St & Wrightwood Ave,TA1309000061,Clark St & Armitage Ave,13146,41.93,-87.65,41.918306,-87.636282,casual,409.0,6.816666666666666,2022-11-26,17,Saturday,November,True,False,False,1.725938616525922,False,41.93,-87.65,41.918306,-87.636282,41.918306,-87.636282,nearest_100m,low,station,station,0.0,87.95662537194076,25.771493445315112,127.3397721035204,0.0827399379495271,95.03045629693784,False,True,True,False,True,False,True,True,nearest_100m,nearest_100m,low,low,False,True
C9B81243BB5FF56E,electric_bike,2023-03-31 21:18:22,2023-03-31 21:40:22,Hyde Park Blvd & 55th St,768,Hyde Park Blvd & 55th St,768,41.8,-87.59,41.8,-87.59,member,1320.0,22.0,2023-03-31,21,Friday,March,False,False,False,0.0,False,41.8,-87.59,41.8,-87.59,41.8,-87.59,nearest_100m,low,station,station,0.0,0.0,1386.9627993237789,1386.9627993237789,84.32974250692342,84.32974250692342,False,False,True,True,True,True,True,True,nearest_100m,nearest_100m,low,low,True,True
7D88BAB7BB2B9345,electric_bike,2022-10-09 21:29:19,2022-10-09 22:00:04,Michigan Ave & Washington St,13001,LaSalle St & Adams St,KA1503000034,41.88423466666666,-87.62363183333333,41.87,-87.63,member,1845.0,30.75,2022-10-09,21,Sunday,October,True,False,False,1.6683259590012858,False,41.884235,-87.623632,41.87,-87.63,41.87,-87.63,nearest_100m,low,station,station,54.71579502924353,0.0395497067682527,1317.9801433120017,49.96929235196436,79.84353016619895,0.1562312450637791,False,False,False,True,False,True,True,True,nearest_100m,nearest_100m,low,low,True,False
8A8ADE179B5E0FF0,electric_bike,2022-06-26 10:50:20,2022-06-26 10:51:32,Sheffield Ave & Fullerton Ave,TA1306000016,Halsted St & Wrightwood Ave,TA1309000061,41.925568166666665,-87.65379566666667,41.93,-87.65,casual,72.0,1.2,2022-06-26,10,Sunday,June,True,False,False,0.5843367087577187,False,41.925568,-87.653796,41.93,-87.65,41.93,-87.65,nearest_100m,low,station,station,87.95662537194076,0.0332255209732368,127.3397721035204,6157.563090765567,95.03045629693784,0.2807515787040851,True,False,False,True,False,True,True,True,nearest_100m,nearest_100m,low,low,True,False
139D5E78786C9A6B,electric_bike,2022-08-22 14:57:13,2022-08-22 15:03:26,Public Rack - Rockwell & Division,1052,Ashland Ave & Augusta Blvd,13248,41.9,-87.69,41.9,-87.67,member,373.0,6.216666666666667,2022-08-22,14,Monday,August,False,False,False,1.6552733519292462,False,41.9,-87.69,41.9,-87.67,41.9,-87.67,nearest_100m,low,station,station,94.44494321316456,0.0,94.44494321316456,0.0,119.93133111942078,305.171057176332,False,False,False,True,False,True,True,True,nearest_100m,nearest_100m,low,low,True,False
38A3A54AABD85C2D,electric_bike,2022-07-19 12:05:52,2022-07-19 12:11:37,Kingsbury St & Kinzie St,KA1503000043,Wood St & Hubbard St,13432,41.9,-87.66,41.889899,-87.671473,member,345.0,5.75,2022-07-19,12,Tuesday,July,False,False,False,1.4708216719165073,False,41.9,-87.66,41.889899,-87.671473,41.889899,-87.671473,nearest_100m,low,station,station,0.0,90.83493923529046,4.121699975505937,2139.730255848375,0.1111949263769007,118.39211065292584,False,False,True,False,True,False,True,True,nearest_100m,nearest_100m,low,low,False,True
E0A3766B3813267A,electric_bike,2022-07-14 14:37:44,2022-07-14 14:43:41,Clarendon Ave & Junior Ter,13389,Sheffield Ave & Waveland Ave,TA1307000126,41.96,-87.65,41.949399,-87.654529,member,357.0,5.95,2022-07-14,14,Thursday,July,False,False,False,1.2368419390838097,False,41.96,-87.65,41.949399,-87.654529,41.949399,-87.654529,nearest_100m,low,station,station,0.0,55.23311176225137,2942.361691711528,117.6034822484796,0.2771536603833423,71.44822757924236,False,False,True,False,True,False,True,True,nearest_100m,nearest_100m,low,low,False,True
8A2BE367AA3B0961,electric_bike,2022-05-01 13:59:21,2022-05-01 14:09:52,Halsted St & Wrightwood Ave,TA1309000061,Hampden Ct & Diversey Ave,202480.0,41.93,-87.65,41.93,-87.64,member,631.0,10.516666666666667,2022-05-01,13,Sunday,May,True,False,False,0.8272477416223847,False,41.93,-87.65,41.93,-87.64,41.93,-87.64,nearest_100m,low,station,station,0.0,87.95662537194076,0.0,127.3397721035204,131.57500311343043,95.03045629693784,False,True,True,False,True,False,True,True,nearest_100m,nearest_100m,low,low,False,True
3DE4A2F67CA83B1E,electric_bike,2022-06-30 13:41:06,2022-06-30 13:50:25,New St & Illinois St,TA1306000013,New St & Illinois St,TA1306000013,41.89,-87.62,41.89,-87.62,member,559.0,9.316666666666666,2022-06-30,13,Thursday,June,False,False,False,0.0,False,41.89,-87.62,41.89,-87.62,41.89,-87.62,nearest_100m,low,station,station,25.416315844219778,25.416315844219778,199.1744488447523,199.1744488447523,32.10639446241349,32.10639446241349,False,False,False,False,True,True,True,True,nearest_100m,nearest_100m,low,low,True,True
0C14A2B2E6CF5ACE,electric_bike,2023-04-21 18:53:12,2023-04-21 18:59:38,Harper Ave & 59th St,KA1503000070,Ellis Ave & 60th St,KA1503000014,41.8,-87.6,41.78509714636,-87.6010727606,member,386.0,6.433333333333334,2023-04-21,18,Friday,April,False,False,False,1.659506490558464,False,41.8,-87.6,41.785097,-87.601073,41.785097,-87.601073,nearest_100m,low,station,station,0.0256680951545782,51.163516063959214,10.203949049066663,1629.7856621007566,0.0969736114889343,54.2122123136312,False,True,True,False,True,False,True,True,nearest_100m,nearest_100m,low,low,False,True
8F5F9029D9ACB94C,electric_bike,2022-10-19 14:29:43,2022-10-19 14:36:57,Ellis Ave & 58th St,TA1309000011,Cornell Ave & Hyde Park Blvd,KA1503000007,41.79,-87.6,41.802406,-87.586924,member,434.0,7.233333333333333,2022-10-19,14,Wednesday,October,False,False,False,1.7544169093727986,False,41.79,-87.6,41.802406,-87.586924,41.802406,-87.586924,nearest_100m,low,station,station,0.0,77.68133523892087,13968.371960040517,181.79861781884028,0.1386905540140697,120.22668994543211,False,False,True,False,True,False,True,True,nearest_100m,nearest_100m,low,low,False,True
5065C0B48E2E40F4,electric_bike,2022-10-30 11:02:13,2022-10-30 11:10:43,Clinton St & Lake St,13021,Dayton St & North Ave,13058,41.885549188,-87.64195466,41.91,-87.65,member,510.0,8.5,2022-10-30,11,Sunday,October,True,False,False,2.799162425782572,False,41.885549,-87.641955,41.91,-87.65,41.91,-87.65,nearest_100m,low,station,station,53.2672077824414,0.0350599822811969,444.3976381151,56.42013217254838,58.480679909137606,0.2034416049212783,True,False,False,True,False,True,True,True,nearest_100m,nearest_100m,low,low,True,False
9EBF883A1C700BAB,electric_bike,2022-11-07 20:59:39,2022-11-07 21:08:22,Halsted St & Wrightwood Ave,TA1309000061,Sheridan Rd & Irving Park Rd,13063,41.93,-87.65,41.954245,-87.654406,member,523.0,8.716666666666667,2022-11-07,20,Monday,November,False,False,False,2.7204391359971742,False,41.93,-87.65,41.954245,-87.654406,41.954245,-87.654406,nearest_100m,low,station,station,0.0,87.95662537194076,13.066018632071062,127.3397721035204,0.2480799753705293,95.03045629693784,False,True,True,False,True,False,True,True,nearest_100m,nearest_100m,low,low,False,True
CF1355B6E4F2ECEA,electric_bike,2022-09-08 08:12:00,2022-09-08 08:27:28,Michigan Ave & Oak St,13042,Dearborn St & Adams St,TA1305000005,41.901094666666665,-87.62349733333333,41.88,-87.63,member,928.0,15.466666666666669,2022-09-08,8,Thursday,September,False,False,False,2.406587026297845,False,41.901095,-87.623497,41.88,-87.63,41.88,-87.63,nearest_100m,low,station,station,3.764218197746515,0.0462047390321192,106.48233670149104,25.98705268452811,6.157897946715323,0.5430021961914325,False,False,True,True,True,True,True,True,nearest_100m,nearest_100m,low,low,True,True
33875A8D4EDC0F46,electric_bike,2022-05-06 14:35:10,2022-05-06 14:46:15,Ellis Ave & 58th St,TA1309000011,Hyde Park Blvd & 55th St,768,41.79,-87.6,41.8,-87.59,member,665.0,11.083333333333334,2022-05-06,14,Friday,May,False,False,False,1.386962799322518,False,41.79,-87.6,41.8,-87.59,41.8,-87.59,nearest_100m,low,station,station,0.0,77.68133523892087,1386.9627993237789,181.79861781884028,84.32974250692342,120.22668994543211,False,False,True,False,True,False,True,True,nearest_100m,nearest_100m,low,low,False,True
A91EA74A9F78A471,electric_bike,2022-10-10 18:09:47,2022-10-10 18:10:13,Franklin St & Lake St,TA1307000111,Kostner Ave & Wrightwood Ave,321,41.885822654,-87.635547996,41.89,-87.64,member,26.0,0.4333333333333333,2022-10-10,18,Monday,October,False,False,False,0.5929394642544795,False,41.885823,-87.635548,41.89,-87.64,41.89,-87.64,nearest_100m,low,station,station,0.0,0.0384748695079316,0.0,9960.676820635548,47.12942984193679,0.1708764875246955,False,False,True,True,True,True,True,True,nearest_100m,nearest_100m,low,low,True,True
C8AB874032BAE494,electric_bike,2022-05-24 15:20:34,2022-05-24 15:24:08,Ellis Ave & 58th St,TA1309000011,Hyde Park Blvd & 55th St,768,41.79,-87.6,41.79,-87.59,member,214.0,3.566666666666667,2022-05-24,15,Tuesday,May,False,False,False,0.8290608330340927,False,41.79,-87.6,41.79,-87.59,41.79,-87.59,nearest_100m,low,station,station,0.0,77.68133523892087,829.0608330362022,181.79861781884028,231.88004044374676,120.22668994543211,False,False,True,False,True,False,True,True,nearest_100m,nearest_100m,low,low,False,True
89722B9BAB8BC938,electric_bike,2023-04-09 15:57:20,2023-04-09 16:01:22,Sedgwick St & North Ave,TA1307000038,Dayton St & North Ave,13058,41.911320448,-87.638648152,41.91,-87.65,member,242.0,4.033333333333333,2023-04-09,15,Sunday,April,True,False,False,0.9507693707419342,False,41.91132,-87.638648,41.91,-87.65,41.91,-87.65,nearest_100m,low,station,station,53.2672077824414,0.0513786821056177,444.3976381151,5.1877358384578,58.480679909137606,0.1075582316968865,True,False,False,True,False,True,True,True,nearest_100m,nearest_100m,low,low,True,False
C099D1B5410C5CFF,electric_bike,2022-07-17 21:44:48,2022-07-17 21:57:43,Michigan Ave & Washington St,13001,Dearborn St & Adams St,TA1305000005,41.88391566666667,-87.624593,41.88,-87.63,casual,775.0,12.916666666666666,2022-07-17,21,Sunday,July,True,False,False,0.6244576554675594,False,41.883916,-87.624593,41.88,-87.63,41.88,-87.63,nearest_100m,low,station,station,3.764218197746515,0.0370649754589669,106.48233670149104,66.33595270150748,6.157897946715323,0.2029743478951072,False,False,True,True,True,True,True,True,nearest_100m,nearest_100m,low,low,True,True
AA844691D79481A2,electric_bike,2022-10-06 06:13:01,2022-10-06 06:14:34,Fairbanks St & Superior St,18003,New St & Illinois St,TA1306000013,41.89596616666667,-87.62000516666667,41.89,-87.62,member,93.0,1.55,2022-10-06,6,Thursday,October,False,False,False,0.6634076026923124,False,41.895966,-87.620005,41.89,-87.62,41.89,-87.62,nearest_100m,low,station,station,25.416315844219778,0.0231030313362132,199.1744488447523,10008.958548781182,32.10639446241349,0.315354156378726,False,False,False,True,True,True,True,True,nearest_100m,nearest_100m,low,low,True,True
13F735A314CF0BA8,electric_bike,2022-06-10 23:28:01,2022-06-10 23:46:49,Clark St & Wrightwood Ave,TA1305000014,Clark St & Berwyn Ave,KA1504000146,41.92,-87.64,41.97803062248656,-87.66856491565704,member,1128.0,18.8,2022-06-10,23,Friday,June,False,False,False,6.871538312497909,False,41.92,-87.64,41.978031,-87.668565,41.978031,-87.668565,nearest_100m,low,station,station,0.0425526253946361,95.54530118793404,33.25247545507953,1106.0520003145684,22.282421596189245,180.94145086603965,False,False,True,False,True,False,True,True,nearest_100m,nearest_100m,low,low,False,True
06312270FA735296,electric_bike,2022-07-28 13:15:39,2022-07-28 13:20:12,Daley Center Plaza,TA1306000010,Dearborn St & Adams St,TA1305000005,41.88412571,-87.62968266,41.88,-87.63,casual,273.0,4.55,2022-07-28,13,Thursday,July,False,False,False,0.4595096501081985,False,41.884126,-87.629683,41.88,-87.63,41.88,-87.63,nearest_100m,low,station,station,3.764218197746515,0.0428027102470391,106.48233670149104,33.72283379425136,6.157897946715323,0.4139542141172758,False,False,True,True,True,True,True,True,nearest_100m,nearest_100m,low,low,True,True
9EB042D3FA6D2EE1,electric_bike,2022-08-21 16:02:25,2022-08-21 16:53:11,,,Wilton Ave & Belmont Ave,TA1307000134,41.99,-87.65,41.99,-87.67,member,3046.0,50.766666666666666,2022-08-21,16,Sunday,August,True,False,False,1.6529383768822024,False,41.99,-87.65,41.99,-87.67,41.99,-87.67,nearest_100m,low,no_station,station,42.624438816160456,,5495.819279684086,,50.22518185104256,,False,,False,,True,,True,,nearest_100m,,low,,False,True
B828B00EE30D67B2,electric_bike,2022-11-10 19:08:40,2022-11-10 19:13:54,Wells St & Evergreen Ave,TA1308000049,Clark St & Wrightwood Ave,TA1305000014,41.906557,-87.6350985,41.92,-87.64,member,314.0,5.233333333333333,2022-11-10,19,Thursday,November,False,False,False,1.54883952058499,False,41.906557,-87.635098,41.92,-87.64,41.92,-87.64,nearest_100m,low,station,station,95.54530118793404,0.0413775846047063,1106.0520003145684,12.820475603055788,180.94145086603965,0.5307750106922656,False,False,False,True,False,True,True,True,nearest_100m,nearest_100m,low,low,True,False
001C1443C9BB4F2A,electric_bike,2022-09-28 13:24:03,2022-09-28 13:33:37,Blackstone Ave & Hyde Park Blvd,13398,Ellis Ave & 58th St,TA1309000011,41.802554846,-87.590210795,41.79,-87.6,member,574.0,9.566666666666666,2022-09-28,13,Wednesday,September,False,False,False,1.6147615455840598,False,41.802555,-87.590211,41.79,-87.6,41.79,-87.6,nearest_100m,low,station,station,77.68133523892087,0.0241241425190686,181.79861781884028,17520.865063693353,120.22668994543211,0.232309099043389,False,False,False,True,False,True,True,True,nearest_100m,nearest_100m,low,low,True,False
69C5A6D7A6355D09,electric_bike,2022-11-23 23:52:58,2022-11-24 00:04:41,Southport Ave & Waveland Ave,13235,Wilton Ave & Belmont Ave,TA1307000134,41.948239088,-87.664107561,41.99,-87.67,casual,703.0,11.716666666666669,2022-11-23,23,Wednesday,November,False,False,False,4.669084707613238,False,41.948239,-87.664108,41.99,-87.67,41.99,-87.67,nearest_100m,low,station,station,42.624438816160456,0.0376013253707331,5495.819279684086,11.817948988724943,50.22518185104256,0.0474159843228143,False,False,False,True,True,True,True,True,nearest_100m,nearest_100m,low,low,True,True
7440251B24DFA1D9,electric_bike,2022-10-27 18:56:26,2022-10-27 19:03:22,,,New St & Illinois St,TA1306000013,41.88,-87.62,41.89,-87.62,member,416.0,6.933333333333334,2022-10-27,18,Thursday,October,False,False,False,1.1119492664455182,False,41.88,-87.62,41.89,-87.62,41.89,-87.62,nearest_100m,low,no_station,station,25.416315844219778,,199.1744488447523,,32.10639446241349,,False,,False,,True,,True,,nearest_100m,,low,,False,True
8AD7891BAD640EE0,electric_bike,2022-07-22 00:12:28,2022-07-22 00:17:35,Dayton St & North Ave,13058,Wells St & Concord Ln,TA1308000050,41.91,-87.65,41.912133,-87.634656,casual,307.0,5.116666666666666,2022-07-22,0,Friday,July,False,False,False,1.2916679598719225,False,41.91,-87.65,41.912133,-87.634656,41.912133,-87.634656,nearest_100m,low,station,station,0.0,53.2672077824414,5188.67452609214,444.3976381151,0.2223898527538015,58.480679909137606,False,True,True,False,True,False,True,True,nearest_100m,nearest_100m,low,low,False,True
3D5FB307409821E5,electric_bike,2023-04-28 17:22:35,2023-04-28 17:36:57,Lakeview Ave & Fullerton Pkwy,TA1309000019,State St & Kinzie St,13050,41.925821543,-87.638963938,41.89,-87.63,member,862.0,14.366666666666667,2023-04-28,17,Friday,April,False,False,False,4.0516584054203895,False,41.925822,-87.638964,41.89,-87.63,41.89,-87.63,nearest_100m,low,station,station,45.61803630733041,0.0510742949551426,274.62831524232365,36.016091952366544,48.1545183771011,0.0605963225155746,True,False,False,True,True,True,True,True,nearest_100m,nearest_100m,low,low,True,False
CB63B85403A0A5C9,electric_bike,2023-04-20 17:00:35,2023-04-20 17:21:34,University Ave & 57th St,KA1503000071,Hyde Park Blvd & 55th St,768,41.791454196,-87.600116611,41.8,-87.59,member,1259.0,20.98333333333333,2023-04-20,17,Thursday,April,False,False,False,1.2674048717447164,False,41.791454,-87.600117,41.8,-87.59,41.8,-87.59,nearest_100m,low,station,station,0.0,0.0389234214701216,1386.9627993237789,1311.4067351458784,84.32974250692342,0.2409907297159614,False,False,True,True,True,True,True,True,nearest_100m,nearest_100m,low,low,True,True
366D70EE7E65D17E,electric_bike,2022-12-10 16:34:19,2022-12-10 16:38:47,Clinton St & Jackson Blvd,638,Dearborn St & Adams St,TA1305000005,41.8782405,-87.64139816666666,41.88,-87.63,member,268.0,4.466666666666667,2022-12-10,16,Saturday,December,True,False,False,0.9637306629309034,False,41.87824,-87.641398,41.88,-87.63,41.88,-87.63,nearest_100m,low,station,station,3.764218197746515,0.0572842083011495,106.48233670149104,45.37970222384736,6.157897946715323,0.5228919826390858,False,False,True,True,True,True,True,True,nearest_100m,nearest_100m,low,low,True,True
4A648A7CE1F6A491,electric_bike,2022-05-13 08:49:10,2022-05-13 08:52:13,Hyde Park Blvd & 55th St,768,Ellis Ave & 58th St,TA1309000011,41.8,-87.59,41.79,-87.6,member,183.0,3.05,2022-05-13,8,Friday,May,False,False,False,1.386962799322518,False,41.8,-87.59,41.79,-87.6,41.79,-87.6,nearest_100m,low,station,station,77.68133523892087,0.0,181.79861781884028,1386.9627993237789,120.22668994543211,84.32974250692342,False,False,False,True,False,True,True,True,nearest_100m,nearest_100m,low,low,True,False
3B99DBE0D96D5356,electric_bike,2022-05-14 15:32:42,2022-05-14 16:20:57,Ashland Ave & Wrightwood Ave,13296,Dearborn St & Adams St,TA1305000005,41.92885816666666,-87.66855783333334,41.88,-87.63,casual,2895.0,48.25,2022-05-14,15,Saturday,May,True,False,False,6.300584526309226,False,41.928858,-87.668558,41.88,-87.63,41.88,-87.63,nearest_100m,low,station,station,3.764218197746515,0.0230987873775051,106.48233670149104,31.031119492590705,6.157897946715323,0.0713861058754158,False,False,True,True,True,True,True,True,nearest_100m,nearest_100m,low,low,True,True
59CCE420A6FB15E2,electric_bike,2022-06-04 13:37:43,2022-06-04 13:44:41,Wabash Ave & 9th St,TA1309000010,Dearborn St & Adams St,TA1305000005,41.870605833333336,-87.62576016666667,41.88,-87.63,member,418.0,6.966666666666667,2022-06-04,13,Saturday,June,True,False,False,1.101990933784114,False,41.870606,-87.62576,41.88,-87.63,41.88,-87.63,nearest_100m,low,station,station,3.764218197746515,0.0231063016692865,106.48233670149104,15.07555315041172,6.157897946715323,0.2019209047880946,False,False,True,True,True,True,True,True,nearest_100m,nearest_100m,low,low,True,True
CDE0E118EFFB5483,electric_bike,2022-08-04 23:08:44,2022-08-04 23:13:06,Dearborn St & Adams St,TA1305000005,Dearborn St & Adams St,TA1305000005,41.88,-87.63,41.88,-87.63,casual,262.0,4.366666666666666,2022-08-04,23,Thursday,August,False,False,False,0.0,False,41.88,-87.63,41.88,-87.63,41.88,-87.63,nearest_100m,low,station,station,3.764218197746515,3.764218197746515,106.48233670149104,106.48233670149104,6.157897946715323,6.157897946715323,False,False,True,True,True,True,True,True,nearest_100m,nearest_100m,low,low,True,True
EFB82B288E6C4EC1,electric_bike,2022-06-12 02:36:32,2022-06-12 02:43:11,Clark St & Grace St,TA1307000127,Clarendon Ave & Junior Ter,13389,41.95096083333333,-87.659142,41.96,-87.65,member,399.0,6.65,2022-06-12,2,Sunday,June,True,False,False,1.2576693730474866,False,41.950961,-87.659142,41.96,-87.65,41.96,-87.65,nearest_100m,low,station,station,55.23311176225137,0.018532488083145,117.6034822484796,8.660406845110803,71.44822757924236,0.0926624382937557,False,False,False,True,False,True,True,True,nearest_100m,nearest_100m,low,low,True,False
41FD04CBA9D70F0E,electric_bike,2022-10-16 11:30:17,2022-10-16 11:31:54,Hyde Park Blvd & 55th St,768,Hyde Park Blvd & 55th St,768,41.8,-87.59,41.8,-87.59,member,97.0,1.6166666666666667,2022-10-16,11,Sunday,October,True,False,False,0.0,False,41.8,-87.59,41.8,-87.59,41.8,-87.59,nearest_100m,low,station,station,0.0,0.0,1386.9627993237789,1386.9627993237789,84.32974250692342,84.32974250692342,False,False,True,True,True,True,True,True,nearest_100m,nearest_100m,low,low,True,True
9EA50083CF2CDB60,electric_bike,2023-03-18 19:05:23,2023-03-18 19:09:26,Clark St & Wrightwood Ave,TA1305000014,Sheffield Ave & Wrightwood Ave,TA1309000023,41.92,-87.64,41.928712,-87.653833,casual,243.0,4.05,2023-03-18,19,Saturday,March,True,False,False,1.4993882696597116,False,41.92,-87.64,41.928712,-87.653833,41.928712,-87.653833,nearest_100m,low,station,station,0.0,95.54530118793404,7.622137430422399,1106.0520003145684,0.0827264458855272,180.94145086603965,False,False,True,False,True,False,True,True,nearest_100m,nearest_100m,low,low,False,True
C1E88F8229C7183B,electric_bike,2023-03-06 09:26:22,2023-03-06 09:30:47,Hyde Park Blvd & 55th St,768,Hyde Park Blvd & 55th St,768,41.79,-87.59,41.8,-87.59,member,265.0,4.416666666666667,2023-03-06,9,Monday,March,False,False,False,1.1119492664448107,False,41.79,-87.59,41.8,-87.59,41.8,-87.59,nearest_100m,low,station,station,0.0,0.0,1386.9627993237789,829.0608330362022,84.32974250692342,231.88004044374676,False,False,True,True,True,True,True,True,nearest_100m,nearest_100m,low,low,True,True
D822A9A4C670DABC,electric_bike,2023-03-20 15:37:08,2023-03-20 15:41:43,Wilton Ave & Belmont Ave,TA1307000134,Halsted St & Wrightwood Ave,TA1309000061,41.940150738,-87.652957916,41.93,-87.65,member,275.0,4.583333333333333,2023-03-20,15,Monday,March,False,False,False,1.1549253863215128,False,41.940151,-87.652958,41.93,-87.65,41.93,-87.65,nearest_100m,low,station,station,87.95662537194076,0.0299500812920019,127.3397721035204,432.0826956362709,95.03045629693784,0.1215440387067058,True,False,False,True,False,True,True,True,nearest_100m,nearest_100m,low,low,True,False
3C3CAB5614BDB805,electric_bike,2022-09-30 19:05:01,2022-09-30 19:11:09,Federal St & Polk St,SL-008,Dearborn St & Adams St,TA1305000005,41.87219733333333,-87.62958966666666,41.88,-87.63,casual,368.0,6.133333333333334,2022-09-30,19,Friday,September,False,False,False,0.8682818434814953,False,41.872197,-87.62959,41.88,-87.63,41.88,-87.63,nearest_100m,low,station,station,3.764218197746515,0.046212192292569,106.48233670149104,4.401555744671281,6.157897946715323,0.0791012257925845,False,False,True,True,True,True,True,True,nearest_100m,nearest_100m,low,low,True,True
80D2EF5135B7EAA0,electric_bike,2022-11-23 11:32:30,2022-11-23 11:58:15,Clark St & 9th St (AMLI),SL-009,Dearborn St & Adams St,TA1305000005,41.870815873,-87.63107872,41.88,-87.63,member,1545.0,25.75,2022-11-23,11,Wednesday,November,False,False,False,1.0251264045249635,False,41.870816,-87.631079,41.88,-87.63,41.88,-87.63,nearest_100m,low,station,station,3.764218197746515,0.0271466580797904,106.48233670149104,160.2722575357939,6.157897946715323,0.0612667825487645,False,False,True,True,True,True,True,True,nearest_100m,nearest_100m,low,low,True,True
339FD7B86090B099,electric_bike,2022-07-02 16:31:54,2022-07-02 16:34:27,Sheffield Ave & Fullerton Ave,TA1306000016,Halsted St & Wrightwood Ave,TA1309000061,41.925621166666666,-87.653779,41.93,-87.65,member,153.0,2.55,2022-07-02,16,Saturday,July,True,False,False,0.5786290722880627,False,41.925621,-87.653779,41.93,-87.65,41.93,-87.65,nearest_100m,low,station,station,87.95662537194076,0.018532488083145,127.3397721035204,6157.321813773467,95.03045629693784,0.2102534507745708,True,False,False,True,False,True,True,True,nearest_100m,nearest_100m,low,low,True,False
83CF4E1B6415173A,electric_bike,2022-07-19 10:03:59,2022-07-19 10:07:50,Daley Center Plaza,TA1306000010,Dearborn St & Adams St,TA1305000005,41.884036,-87.629422,41.88,-87.63,casual,231.0,3.85,2022-07-19,10,Tuesday,July,False,False,False,0.4513265324762386,False,41.884036,-87.629422,41.88,-87.63,41.88,-87.63,nearest_100m,low,station,station,3.764218197746515,0.0,106.48233670149104,34.82615723296351,6.157897946715323,0.4698813445660673,False,False,True,True,True,True,True,True,nearest_100m,nearest_100m,low,low,True,True
0149944B14646877,electric_bike,2022-05-15 21:31:22,2022-05-15 21:36:43,Ellis Ave & 58th St,TA1309000011,Hyde Park Blvd & 55th St,768,41.79,-87.6,41.8,-87.59,member,321.0,5.35,2022-05-15,21,Sunday,May,True,False,False,1.386962799322518,False,41.79,-87.6,41.8,-87.59,41.8,-87.59,nearest_100m,low,station,station,0.0,77.68133523892087,1386.9627993237789,181.79861781884028,84.32974250692342,120.22668994543211,False,False,True,False,True,False,True,True,nearest_100m,nearest_100m,low,low,False,True
163B524470D1EC98,electric_bike,2023-02-23 09:38:32,2023-02-23 09:51:20,Halsted St & Clybourn Ave,331,State St & Kinzie St,13050,41.909615278,-87.648171544,41.89,-87.63,member,768.0,12.8,2023-02-23,9,Thursday,February,False,False,False,2.649366304848539,False,41.909615,-87.648172,41.89,-87.63,41.89,-87.63,nearest_100m,low,station,station,45.61803630733041,0.0487797055829249,274.62831524232365,11.42222758477177,48.1545183771011,0.131454134782732,True,False,False,True,True,True,True,True,nearest_100m,nearest_100m,low,low,True,False
967D32F3AB456043,electric_bike,2022-07-31 19:25:37,2022-07-31 19:39:49,Streeter Dr & Grand Ave,13022,State St & Kinzie St,13050,41.89222633333333,-87.61197683333333,41.89,-87.63,member,852.0,14.2,2022-07-31,19,Sunday,July,True,False,False,1.512270934811329,False,41.892226,-87.611977,41.89,-87.63,41.89,-87.63,nearest_100m,low,station,station,45.61803630733041,0.0395491044304016,274.62831524232365,27.54473247847785,48.1545183771011,0.0783057674216321,True,False,False,True,True,True,True,True,nearest_100m,nearest_100m,low,low,True,False
92D487FE7FC2F091,electric_bike,2022-09-14 22:08:18,2022-09-14 22:13:44,Hyde Park Blvd & 55th St,768,Hyde Park Blvd & 55th St,768,41.8,-87.59,41.8,-87.59,casual,326.0,5.433333333333334,2022-09-14,22,Wednesday,September,False,False,False,0.0,False,41.8,-87.59,41.8,-87.59,41.8,-87.59,nearest_100m,low,station,station,0.0,0.0,1386.9627993237789,1386.9627993237789,84.32974250692342,84.32974250692342,False,False,True,True,True,True,True,True,nearest_100m,nearest_100m,low,low,True,True
E10CE0EA08D455EB,electric_bike,2022-08-30 18:00:27,2022-08-30 18:09:49,Fairbanks Ct & Grand Ave,TA1305000003,State St & Kinzie St,13050,41.891589165,-87.62059474,41.89,-87.63,casual,562.0,9.366666666666667,2022-08-30,18,Tuesday,August,False,False,False,0.7983283490834039,False,41.891589,-87.620595,41.89,-87.63,41.89,-87.63,nearest_100m,low,station,station,45.61803630733041,0.0282805314141696,274.62831524232365,13560.89614728641,48.1545183771011,0.5326340718065784,True,False,False,True,True,True,True,True,nearest_100m,nearest_100m,low,low,True,False
02652B1CD7F277C6,electric_bike,2022-05-07 12:20:57,2022-05-07 12:25:09,Ellis Ave & 58th St,TA1309000011,Ellis Ave & 60th St,KA1503000014,41.79,-87.6,41.78509714636,-87.6010727606,member,252.0,4.2,2022-05-07,12,Saturday,May,True,False,False,0.5523799792809987,False,41.79,-87.6,41.785097,-87.601073,41.785097,-87.601073,nearest_100m,low,station,station,0.0256680951545782,77.68133523892087,10.203949049066663,181.79861781884028,0.0969736114889343,120.22668994543211,False,False,True,False,True,False,True,True,nearest_100m,nearest_100m,low,low,False,True
39D84D145F3466E6,electric_bike,2022-08-02 18:36:36,2022-08-02 18:41:29,Clark St & Wrightwood Ave,TA1305000014,Clark St & Armitage Ave,13146,41.92,-87.64,41.918306,-87.636282,member,293.0,4.883333333333334,2022-08-02,18,Tuesday,August,False,False,False,0.3607117785852561,False,41.92,-87.64,41.918306,-87.636282,41.918306,-87.636282,nearest_100m,low,station,station,0.0,95.54530118793404,25.771493445315112,1106.0520003145684,0.0827399379495271,180.94145086603965,False,False,True,False,True,False,True,True,nearest_100m,nearest_100m,low,low,False,True
0510620E711F8401,electric_bike,2023-02-06 17:21:38,2023-02-06 17:24:05,Clarendon Ave & Junior Ter,13389,Sheridan Rd & Montrose Ave,TA1307000107,41.96,-87.65,41.96167,-87.65464,casual,147.0,2.45,2023-02-06,17,Monday,February,False,False,False,0.4262344352068899,False,41.96,-87.65,41.96167,-87.65464,41.96167,-87.65464,nearest_100m,low,station,station,0.0,55.23311176225137,14.996173610904275,117.6034822484796,0.1385673286259594,71.44822757924236,False,False,True,False,True,False,True,True,nearest_100m,nearest_100m,low,low,False,True
47E9EDC89F82E407,electric_bike,2022-07-13 19:05:55,2022-07-13 19:13:35,Harper Ave & 59th St,KA1503000070,Lake Park Ave & 56th St,TA1309000063,41.8,-87.6,41.793242,-87.587782,member,460.0,7.666666666666667,2022-07-13,19,Wednesday,July,False,False,False,1.2611636663573749,False,41.8,-87.6,41.793242,-87.587782,41.793242,-87.587782,nearest_100m,low,station,station,0.0,51.163516063959214,19767.9941850336,1629.7856621007566,0.3336341711269431,54.2122123136312,False,True,True,False,True,False,True,True,nearest_100m,nearest_100m,low,low,False,True
B1725B1ACAC8CD2E,electric_bike,2022-07-25 14:55:08,2022-07-25 15:06:21,Clark St & Grace St,TA1307000127,W Oakdale Ave & N Broadway,20252.0,41.95,-87.67,41.94,-87.64,casual,673.0,11.216666666666669,2022-07-25,14,Monday,July,False,False,False,2.7189306453389395,False,41.95,-87.67,41.94,-87.64,41.94,-87.64,nearest_100m,low,station,station,0.0,77.23800570195117,0.0,899.3714432937376,29.565041667004017,97.98432603619533,False,False,True,False,True,False,True,True,nearest_100m,nearest_100m,low,low,False,True
AA52AF1A3917C65A,electric_bike,2022-09-05 00:52:06,2022-09-05 00:52:24,Canal St & Adams St,13011,Canal St & Adams St,13011,41.88,-87.64,41.88,-87.64,member,18.0,0.3,2022-09-05,0,Monday,September,False,False,False,0.0,False,41.88,-87.64,41.88,-87.64,41.88,-87.64,nearest_100m,low,station,station,1.124209778697984,1.124209778697984,2080.856487034045,2080.856487034045,3.7174455279569423,3.7174455279569423,False,False,True,True,True,True,True,True,nearest_100m,nearest_100m,low,low,True,True
8C7061F0240D0CC0,electric_bike,2022-10-22 11:49:36,2022-10-22 11:54:02,Ellis Ave & 55th St,KA1504000076,Ellis Ave & 58th St,TA1309000011,41.794297666666665,-87.6013625,41.79,-87.6,casual,266.0,4.433333333333334,2022-10-22,11,Saturday,October,True,False,False,0.4910469246680322,False,41.794298,-87.601362,41.79,-87.6,41.79,-87.6,nearest_100m,low,station,station,77.68133523892087,0.0556051848503482,181.79861781884028,9.064603763915962,120.22668994543211,0.2627449949529191,False,False,False,True,False,True,True,True,nearest_100m,nearest_100m,low,low,True,False
659C2AB34B741FA3,electric_bike,2022-11-09 11:14:59,2022-11-09 11:18:44,Ellis Ave & 60th St,KA1503000014,Ellis Ave & 58th St,TA1309000011,41.785140991,-87.601107597,41.79,-87.6,casual,225.0,3.75,2022-11-09,11,Wednesday,November,False,False,False,0.548045399715736,False,41.785141,-87.601108,41.79,-87.6,41.79,-87.6,nearest_100m,low,station,station,77.68133523892087,0.0334286675859967,181.79861781884028,7.3910959767080815,120.22668994543211,0.0495087986343641,False,False,False,True,False,True,True,True,nearest_100m,nearest_100m,low,low,True,False
ADC313AFDFDE3F56,electric_bike,2023-03-04 05:37:03,2023-03-04 05:39:30,Clark St & Grace St,TA1307000127,Lincoln Ave & Addison St,TA1309000050,41.95,-87.67,41.946176,-87.673308,member,147.0,2.45,2023-03-04,5,Saturday,March,True,False,False,0.5056152985708223,False,41.95,-87.67,41.946176,-87.673308,41.946176,-87.673308,nearest_100m,low,station,station,0.0,77.23800570195117,38.45342948268943,899.3714432937376,0.1993087584579784,97.98432603619533,False,False,True,False,True,False,True,True,nearest_100m,nearest_100m,low,low,False,True
7BD7434DB10225BC,electric_bike,2023-04-09 16:06:42,2023-04-09 17:16:27,Hyde Park Blvd & 55th St,768,Hyde Park Blvd & 55th St,768,41.8,-87.59,41.8,-87.59,member,4185.0,69.75,2023-04-09,16,Sunday,April,True,False,False,0.0,False,41.8,-87.59,41.8,-87.59,41.8,-87.59,nearest_100m,low,station,station,0.0,0.0,1386.9627993237789,1386.9627993237789,84.32974250692342,84.32974250692342,False,False,True,True,True,True,True,True,nearest_100m,nearest_100m,low,low,True,True
06AF7ADBF30AEB5C,electric_bike,2022-05-24 17:12:12,2022-05-24 17:12:49,Canal St & Monroe St,13056,Canal St & Adams St,13011,41.8814555,-87.63932733333333,41.88,-87.64,member,37.0,0.6166666666666667,2022-05-24,17,Tuesday,May,False,False,False,0.1711573330096069,False,41.881456,-87.639327,41.88,-87.64,41.88,-87.64,nearest_100m,low,station,station,1.124209778697984,0.0620694098648153,2080.856487034045,66.81331708009102,3.7174455279569423,1.4868254677333426,False,False,True,True,True,True,True,True,nearest_100m,nearest_100m,low,low,True,True
526DCAE492020AE0,electric_bike,2023-03-21 18:29:15,2023-03-21 18:36:53,Dayton St & North Ave,13058,Ogden Ave & Chicago Ave,TA1305000020,41.91,-87.65,41.896362458,-87.6540612729,casual,458.0,7.633333333333334,2023-03-21,18,Tuesday,March,False,False,False,1.5532274674358426,False,41.91,-87.65,41.896362,-87.654061,41.896362,-87.654061,nearest_100m,low,station,station,0.0557115984727715,53.2672077824414,4.385462826697276,444.3976381151,0.0788373457192631,58.480679909137606,False,True,True,False,True,False,True,True,nearest_100m,nearest_100m,low,low,False,True
8ACAF9462C8A7068,electric_bike,2023-04-21 10:48:57,2023-04-21 10:53:08,Lake Park Ave & 56th St,TA1309000063,Ellis Ave & 58th St,TA1309000011,41.7932635,-87.58789066666667,41.79,-87.6,casual,251.0,4.183333333333334,2023-04-21,10,Friday,April,False,False,False,1.0674850120658546,False,41.793264,-87.587891,41.79,-87.6,41.79,-87.6,nearest_100m,low,station,station,77.68133523892087,0.0620863382344615,181.79861781884028,19761.956008391717,120.22668994543211,0.1757106800562056,False,False,False,True,False,True,True,True,nearest_100m,nearest_100m,low,low,True,False
99670C7846A11E96,electric_bike,2022-08-28 14:05:52,2022-08-28 14:15:05,Kingsbury St & Kinzie St,KA1503000043,Larrabee St & Kingsbury St,TA1306000009,41.9,-87.66,41.897764,-87.642884,member,553.0,9.216666666666669,2022-08-28,14,Sunday,August,True,False,False,1.438261199466596,False,41.9,-87.66,41.897764,-87.642884,41.897764,-87.642884,nearest_100m,low,station,station,0.0,90.83493923529046,5641.581388958967,2139.730255848375,0.3436991554788471,118.39211065292584,False,False,True,False,True,False,True,True,nearest_100m,nearest_100m,low,low,False,True
0370C250785857E6,electric_bike,2023-01-19 19:03:27,2023-01-19 19:03:57,Franklin St & Lake St,TA1307000111,Kostner Ave & Wrightwood Ave,321,41.885912418,-87.636249304,41.89,-87.64,member,30.0,0.5,2023-01-19,19,Thursday,January,False,False,False,0.5504404828708729,False,41.885912,-87.636249,41.89,-87.64,41.89,-87.64,nearest_100m,low,station,station,0.0,0.0528550351068858,0.0,9920.902875970223,47.12942984193679,2.426113710042875,False,False,True,True,True,True,True,True,nearest_100m,nearest_100m,low,low,True,True
12786C2DFA691491,electric_bike,2022-09-24 22:41:40,2022-09-24 22:43:26,Franklin St & Chicago Ave,13017,Kostner Ave & Wrightwood Ave,321,41.896804333333336,-87.63575266666666,41.89,-87.64,member,106.0,1.7666666666666666,2022-09-24,22,Saturday,September,True,False,False,0.8342960832941425,False,41.896804,-87.635753,41.89,-87.64,41.89,-87.64,nearest_100m,low,station,station,0.0,0.0462058458048485,0.0,1295.1349720048051,47.12942984193679,0.1581950378142937,False,False,True,True,True,True,True,True,nearest_100m,nearest_100m,low,low,True,True
68CBDA4EFE8E0C63,electric_bike,2023-04-04 19:40:59,2023-04-04 19:44:14,LaSalle St & Adams St,KA1503000034,State St & 19th St,SL-013,41.87,-87.63,41.856594,-87.627542,casual,195.0,3.25,2023-04-04,19,Tuesday,April,False,False,False,1.5045122236707684,False,41.87,-87.63,41.856594,-87.627542,41.856594,-87.627542,nearest_100m,low,station,station,0.0,54.71579502924353,42.316673239780734,1317.9801433120017,0.237310730185262,79.84353016619895,False,False,True,False,True,False,True,True,nearest_100m,nearest_100m,low,low,False,True
B9AF1AF358FF7993,electric_bike,2022-08-12 00:04:25,2022-08-12 00:30:07,Halsted St & Wrightwood Ave,TA1309000061,N Southport Ave & W Newport Ave,20257.0,41.93,-87.65,41.94,-87.66,member,1542.0,25.7,2022-08-12,0,Friday,August,False,False,False,1.3858797603702184,False,41.93,-87.65,41.94,-87.66,41.94,-87.66,nearest_100m,low,station,station,0.0,87.95662537194076,0.0,127.3397721035204,70.31885174290834,95.03045629693784,False,True,True,False,True,False,True,True,nearest_100m,nearest_100m,low,low,False,True
2586233E18F46F4C,electric_bike,2023-04-12 08:47:22,2023-04-12 08:53:35,Harper Ave & 59th St,KA1503000070,Ellis Ave & 60th St,KA1503000014,41.8,-87.6,41.78509714636,-87.6010727606,member,373.0,6.216666666666667,2023-04-12,8,Wednesday,April,False,False,False,1.659506490558464,False,41.8,-87.6,41.785097,-87.601073,41.785097,-87.601073,nearest_100m,low,station,station,0.0256680951545782,51.163516063959214,10.203949049066663,1629.7856621007566,0.0969736114889343,54.2122123136312,False,True,True,False,True,False,True,True,nearest_100m,nearest_100m,low,low,False,True
57D03B7F2A5F9ABB,electric_bike,2022-08-01 12:19:00,2022-08-01 12:25:01,Ashland Ave & Augusta Blvd,13248,Ashland Ave & Augusta Blvd,13248,41.899597,-87.668454,41.9,-87.67,casual,361.0,6.016666666666667,2022-08-01,12,Monday,August,False,False,False,0.1355730594444163,False,41.899597,-87.668454,41.9,-87.67,41.9,-87.67,nearest_100m,low,station,station,94.44494321316456,0.0,94.44494321316456,60.7815307602527,119.93133111942078,0.1386153772205122,False,False,False,True,False,True,True,True,nearest_100m,nearest_100m,low,low,True,False
431882A20E9C60DB,electric_bike,2022-05-01 14:12:32,2022-05-01 14:14:14,Woodlawn Ave & 55th St,TA1307000164,Hyde Park Blvd & 55th St,768,41.79533666666666,-87.5965105,41.8,-87.59,member,102.0,1.7,2022-05-01,14,Sunday,May,True,False,False,0.7484343102275168,False,41.795337,-87.59651,41.8,-87.59,41.8,-87.59,nearest_100m,low,station,station,0.0,0.055604684911035,1386.9627993237789,5.514146772626058,84.32974250692342,0.0849312556913468,False,False,True,True,True,True,True,True,nearest_100m,nearest_100m,low,low,True,True
9EF69A842266FB3D,electric_bike,2022-09-20 16:49:04,2022-09-20 17:05:06,N Green St & W Lake St,20246.0,New St & Illinois St,TA1306000013,41.89,-87.65,41.89,-87.62,casual,962.0,16.033333333333335,2022-09-20,16,Tuesday,September,False,False,False,2.483298805364873,False,41.89,-87.65,41.89,-87.62,41.89,-87.62,nearest_100m,low,station,station,25.416315844219778,0.0,199.1744488447523,0.0,32.10639446241349,174.3762367209441,False,False,False,True,True,True,True,True,nearest_100m,nearest_100m,low,low,True,True
7FFA6FF06D5DE78A,electric_bike,2022-10-06 12:22:50,2022-10-06 12:31:19,W Oakdale Ave & N Broadway,20252.0,Clark St & Wrightwood Ave,TA1305000014,41.94,-87.64,41.92,-87.64,casual,509.0,8.483333333333333,2022-10-06,12,Thursday,October,False,False,False,2.2238985328910363,False,41.94,-87.64,41.92,-87.64,41.92,-87.64,nearest_100m,low,station,station,95.54530118793404,0.0,1106.0520003145684,0.0,180.94145086603965,29.565041667004017,False,False,False,True,False,True,True,True,nearest_100m,nearest_100m,low,low,True,False
C9BAD969F9556A02,electric_bike,2022-12-01 16:31:16,2022-12-01 16:36:57,Wabash Ave & Cermak Rd,TA1305000001,McCormick Place,TA1305000004,41.852629066,-87.626640677,41.85,-87.62,member,341.0,5.683333333333334,2022-12-01,16,Thursday,December,False,False,False,0.6228885530158067,False,41.852629,-87.626641,41.85,-87.62,41.85,-87.62,nearest_100m,low,station,station,95.4169862351954,0.0277408457584643,11797.58109545492,50.49593983037948,107.2351030031756,0.3046360677304654,False,False,False,True,False,True,True,True,nearest_100m,nearest_100m,low,low,True,False
348ADC9156B1CFE8,electric_bike,2022-10-13 06:41:11,2022-10-13 06:49:22,Kingsbury St & Kinzie St,KA1503000043,LaSalle Dr & Huron St,KP1705001026,41.9,-87.66,41.894877,-87.632326,member,491.0,8.183333333333334,2022-10-13,6,Thursday,October,False,False,False,2.3602677597100272,False,41.9,-87.66,41.894877,-87.632326,41.894877,-87.632326,nearest_100m,low,station,station,0.0,90.83493923529046,1743.762816594022,2139.730255848375,0.2372934270540486,118.39211065292584,False,False,True,False,True,False,True,True,nearest_100m,nearest_100m,low,low,False,True
37A78BEB510FE8DA,electric_bike,2022-10-20 12:18:02,2022-10-20 12:22:25,Harper Ave & 59th St,KA1503000070,University Ave & 57th St,KA1503000071,41.8,-87.6,41.791478,-87.599861,member,263.0,4.383333333333334,2022-10-20,12,Thursday,October,False,False,False,0.9476732219512036,False,41.8,-87.6,41.791478,-87.599861,41.791478,-87.599861,nearest_100m,low,station,station,0.0,51.163516063959214,1303.7973037475947,1629.7856621007566,0.1111949263769007,54.2122123136312,False,True,True,False,True,False,True,True,nearest_100m,nearest_100m,low,low,False,True
68FAF01097323A6A,electric_bike,2022-06-03 17:11:27,2022-06-03 17:23:12,Broadway & Barry Ave,13137,Clark St & Wrightwood Ave,TA1305000014,41.93762183333333,-87.64428233333334,41.92,-87.64,casual,705.0,11.75,2022-06-03,17,Friday,June,False,False,False,1.9912254510398093,False,41.937622,-87.644282,41.92,-87.64,41.92,-87.64,nearest_100m,low,station,station,95.54530118793404,0.0332211966221605,1106.0520003145684,16.480629238962457,180.94145086603965,0.7013706733445859,False,False,False,True,False,True,True,True,nearest_100m,nearest_100m,low,low,True,False
02C23B9C77066CDC,electric_bike,2022-10-02 12:58:59,2022-10-02 13:04:28,Clark St & Wrightwood Ave,TA1305000014,Sedgwick St & North Ave,TA1307000038,41.92,-87.64,41.911386,-87.638677,member,329.0,5.483333333333333,2022-10-02,12,Sunday,October,True,False,False,0.9640683573130012,False,41.92,-87.64,41.911386,-87.638677,41.911386,-87.638677,nearest_100m,low,station,station,0.0,95.54530118793404,3.4525813082654078,1106.0520003145684,0.1111949263769007,180.94145086603965,False,False,True,False,True,False,True,True,nearest_100m,nearest_100m,low,low,False,True
49B3E338FFA7D452,electric_bike,2022-10-24 21:56:16,2022-10-24 22:04:31,Ellis Ave & 55th St,KA1504000076,Harper Ave & 59th St,KA1503000070,41.794264,-87.60148833333334,41.8,-87.6,member,495.0,8.25,2022-10-24,21,Monday,October,False,False,False,0.6496375874978548,False,41.794264,-87.601488,41.8,-87.6,41.8,-87.6,nearest_100m,low,station,station,51.163516063959214,0.0276335232924127,1629.7856621007566,20.095238350073185,54.2122123136312,0.1381676132980264,True,False,False,True,False,True,True,True,nearest_100m,nearest_100m,low,low,True,False
7594825012010EA6,electric_bike,2023-04-14 14:12:09,2023-04-14 14:22:45,Southport Ave & Belmont Ave,13229,Clarendon Ave & Junior Ter,13389,41.93944931,-87.663674951,41.96,-87.65,casual,636.0,10.6,2023-04-14,14,Friday,April,False,False,False,2.549663079116692,False,41.939449,-87.663675,41.96,-87.65,41.96,-87.65,nearest_100m,low,station,station,55.23311176225137,0.0347078732634916,117.6034822484796,150.38866943289088,71.44822757924236,0.3437908821925047,False,False,False,True,False,True,True,True,nearest_100m,nearest_100m,low,low,True,False
919E7E25D1F2F2F3,electric_bike,2022-07-20 15:02:22,2022-07-20 15:19:37,Federal St & Polk St,SL-008,Dearborn St & Adams St,TA1305000005,41.87214216666667,-87.62947583333333,41.88,-87.63,casual,1035.0,17.25,2022-07-20,15,Wednesday,July,False,False,False,0.874828306515269,False,41.872142,-87.629476,41.88,-87.63,41.88,-87.63,nearest_100m,low,station,station,3.764218197746515,0.0231061035324983,106.48233670149104,7.339327917662525,6.157897946715323,0.2213896546258925,False,False,True,True,True,True,True,True,nearest_100m,nearest_100m,low,low,True,True
B2BA74436DA57E6B,electric_bike,2023-01-26 07:56:17,2023-01-26 08:20:46,Hyde Park Blvd & 55th St,768,Ellis Ave & 58th St,TA1309000011,41.8,-87.59,41.79,-87.6,casual,1469.0,24.48333333333333,2023-01-26,7,Thursday,January,False,False,False,1.386962799322518,False,41.8,-87.59,41.79,-87.6,41.79,-87.6,nearest_100m,low,station,station,77.68133523892087,0.0,181.79861781884028,1386.9627993237789,120.22668994543211,84.32974250692342,False,False,False,True,False,True,True,True,nearest_100m,nearest_100m,low,low,True,False
3464D93F90500A5C,electric_bike,2022-07-01 08:18:00,2022-07-01 08:22:18,Harper Ave & 59th St,KA1503000070,Lake Park Ave & 53rd St,KA1503000059,41.8,-87.6,41.79949429373,-87.5864498959,member,258.0,4.3,2022-07-01,8,Friday,July,False,False,False,1.1246219311745806,False,41.8,-87.6,41.799494,-87.58645,41.799494,-87.58645,nearest_100m,low,station,station,0.0337819984246862,51.163516063959214,19518.36607751829,1629.7856621007566,0.1080868049894748,54.2122123136312,False,True,True,False,True,False,True,True,nearest_100m,nearest_100m,low,low,False,True
1DAA843078112584,electric_bike,2023-01-27 12:31:49,2023-01-27 12:37:59,DuSable Lake Shore Dr & Diversey Pkwy,TA1309000039,Clark St & Wrightwood Ave,TA1305000014,41.93257308,-87.636544704,41.92,-87.64,member,370.0,6.166666666666667,2023-01-27,12,Friday,January,False,False,False,1.426987225708403,False,41.932573,-87.636545,41.92,-87.64,41.92,-87.64,nearest_100m,low,station,station,95.54530118793404,0.0260513624712681,1106.0520003145684,10.496255879318388,180.94145086603965,1.1382210434288762,False,False,False,True,False,True,True,True,nearest_100m,nearest_100m,low,low,True,False
F8E45FF34DACFAEC,electric_bike,2022-08-01 16:39:56,2022-08-01 16:40:13,Franklin St & Adams St (Temp),TA1309000008,Canal St & Adams St,13011,41.8790665,-87.63575983333334,41.88,-87.64,member,17.0,0.2833333333333333,2022-08-01,16,Monday,August,False,False,False,0.3660690730703173,False,41.879066,-87.63576,41.88,-87.64,41.88,-87.64,nearest_100m,low,station,station,1.124209778697984,0.0572841653398753,2080.856487034045,493.6635316075495,3.7174455279569423,0.8261456367186942,False,False,True,True,True,True,True,True,nearest_100m,nearest_100m,low,low,True,True
3B2F2EB3830B3FC3,electric_bike,2022-05-10 18:37:16,2022-05-10 20:09:50,Marine Dr & Ainslie St,KA1504000171,Halsted St & Wrightwood Ave,TA1309000061,41.97164633333333,-87.65011566666666,41.93,-87.65,casual,5554.0,92.56666666666666,2022-05-10,18,Tuesday,May,False,False,False,4.630870858985631,False,41.971646,-87.650116,41.93,-87.65,41.93,-87.65,nearest_100m,low,station,station,87.95662537194076,0.0461865340259221,127.3397721035204,18.758488480188724,95.03045629693784,0.0664179689536027,True,False,False,True,False,True,True,True,nearest_100m,nearest_100m,low,low,True,False
28E638754CBE3E5B,electric_bike,2023-03-24 08:32:55,2023-03-24 08:35:07,Clarendon Ave & Junior Ter,13389,Sheridan Rd & Irving Park Rd,13063,41.96,-87.65,41.954245,-87.654406,member,132.0,2.2,2023-03-24,8,Friday,March,False,False,False,0.7363714482735128,False,41.96,-87.65,41.954245,-87.654406,41.954245,-87.654406,nearest_100m,low,station,station,0.0,55.23311176225137,13.066018632071062,117.6034822484796,0.2480799753705293,71.44822757924236,False,False,True,False,True,False,True,True,nearest_100m,nearest_100m,low,low,False,True
6DC932C55BCEF9E1,electric_bike,2022-05-14 14:05:24,2022-05-14 15:42:04,Clinton St & Lake St,13021,Canal St & Adams St,13011,41.8853815,-87.64206166666666,41.88,-87.64,member,5800.0,96.66666666666669,2022-05-14,14,Saturday,May,True,False,False,0.6222603359086488,False,41.885382,-87.642062,41.88,-87.64,41.88,-87.64,nearest_100m,low,station,station,1.124209778697984,0.0620686549301062,2080.856487034045,49.86383741896743,3.7174455279569423,0.3901592734528237,False,False,True,True,True,True,True,True,nearest_100m,nearest_100m,low,low,True,True
89AC1845D419EFBB,electric_bike,2022-05-25 13:12:58,2022-05-25 13:18:20,LaSalle St & Adams St,KA1503000034,Wabash Ave & Adams St,KA1503000015,41.87,-87.63,41.87947235235,-87.6256886059,member,322.0,5.366666666666666,2022-05-25,13,Wednesday,May,False,False,False,1.1121239332972046,False,41.87,-87.63,41.879472,-87.625689,41.879472,-87.625689,nearest_100m,low,station,station,0.0509862620209013,54.71579502924353,19.74485903607062,1317.9801433120017,0.1218865480477292,79.84353016619895,False,False,True,False,True,False,True,True,nearest_100m,nearest_100m,low,low,False,True
86FDB08B065C6F2A,electric_bike,2023-02-06 12:31:23,2023-02-06 12:33:53,Ellis Ave & 60th St,KA1503000014,Ellis Ave & 58th St,TA1309000011,41.785158873,-87.601099133,41.79,-87.6,member,150.0,2.5,2023-02-06,12,Monday,February,False,False,False,0.5459676559253859,False,41.785159,-87.601099,41.79,-87.6,41.79,-87.6,nearest_100m,low,station,station,77.68133523892087,0.0179172058413613,181.79861781884028,5.615873029674517,120.22668994543211,0.1207917796992195,False,False,False,True,False,True,True,True,nearest_100m,nearest_100m,low,low,True,False
4C9BD76DB1B8FD7C,electric_bike,2022-05-23 16:03:31,2022-05-23 16:05:08,,,Hoyne Ave & Balmoral Ave,655,41.98,-87.67,41.98,-87.68,member,97.0,1.6166666666666667,2022-05-23,16,Monday,May,False,False,False,0.826599011440658,False,41.98,-87.67,41.98,-87.68,41.98,-87.68,nearest_100m,low,no_station,station,38.10689149802818,,164.73462194091613,,108.03575069068248,,False,,False,,True,,True,,nearest_100m,,low,,False,True
292847AA37EFC54B,electric_bike,2022-08-17 09:11:47,2022-08-17 09:18:32,W Washington Blvd & N Peoria St,20247.0,Dearborn St & Adams St,TA1305000005,41.88,-87.65,41.88,-87.63,casual,405.0,6.75,2022-08-17,9,Wednesday,August,False,False,False,1.655791680829246,False,41.88,-87.65,41.88,-87.63,41.88,-87.63,nearest_100m,low,station,station,3.764218197746515,0.0,106.48233670149104,0.0,6.157897946715323,125.75825882066104,False,False,True,True,True,True,True,True,nearest_100m,nearest_100m,low,low,True,True
D39C8998FFCDE2AE,electric_bike,2022-07-21 09:16:28,2022-07-21 09:31:44,Ashland Ave & Augusta Blvd,13248,Kostner Ave & Wrightwood Ave,321,41.9,-87.67,41.89,-87.64,member,916.0,15.266666666666667,2022-07-21,9,Thursday,July,False,False,False,2.720705550238364,False,41.9,-87.67,41.89,-87.64,41.89,-87.64,nearest_100m,low,station,station,0.0,94.44494321316456,0.0,94.44494321316456,47.12942984193679,119.93133111942078,False,False,True,False,True,False,True,True,nearest_100m,nearest_100m,low,low,False,True
9C031D3B24259F38,electric_bike,2023-03-22 07:29:23,2023-03-22 07:37:31,,,Canal St & Adams St,13011,41.88,-87.67,41.88,-87.64,member,488.0,8.133333333333333,2023-03-22,7,Wednesday,March,False,False,False,2.483687514217916,False,41.88,-87.67,41.88,-87.64,41.88,-87.64,nearest_100m,low,no_station,station,1.124209778697984,,2080.856487034045,,3.7174455279569423,,False,,True,,True,,True,,nearest_100m,,low,,False,True
D9320A4E80313077,electric_bike,2022-09-01 17:09:10,2022-09-01 17:15:25,Hyde Park Blvd & 55th St,768,Ellis Ave & 58th St,TA1309000011,41.8,-87.58,41.79,-87.6,member,375.0,6.25,2022-09-01,17,Thursday,September,False,False,False,1.9963390754291117,False,41.8,-87.58,41.79,-87.6,41.79,-87.6,nearest_100m,low,station,station,77.68133523892087,0.0,181.79861781884028,1111.9492664448107,120.22668994543211,332.2685703647026,False,False,False,True,False,True,True,True,nearest_100m,nearest_100m,low,low,True,False
76D2F5497DF1D7C5,electric_bike,2022-09-28 18:33:42,2022-09-28 18:42:29,Kimball Ave & Belmont Ave,KA150400009X,Milwaukee Ave & Fullerton Ave,428,41.9394005,-87.71164566666667,41.93,-87.7,member,527.0,8.783333333333333,2022-09-28,18,Wednesday,September,False,False,False,1.4214784440459716,False,41.9394,-87.711646,41.93,-87.7,41.93,-87.7,nearest_100m,low,station,station,0.0,0.0620582811184377,0.0,14.404724402558,211.57012159522532,0.0620582818481643,False,True,True,True,True,True,True,True,nearest_100m,nearest_100m,low,low,False,True
C3CE1F6F1F0D4742,electric_bike,2022-09-13 00:05:04,2022-09-13 00:38:28,Ashland Ave & Lake St,13073,Clarendon Ave & Junior Ter,13389,41.885896564,-87.667208314,41.96,-87.65,casual,2004.0,33.4,2022-09-13,0,Tuesday,September,False,False,False,8.362017422438152,False,41.885897,-87.667208,41.96,-87.65,41.96,-87.65,nearest_100m,low,station,station,55.23311176225137,0.0550097253467026,117.6034822484796,6760.836017464264,71.44822757924236,0.1530128191691343,False,False,False,True,False,True,True,True,nearest_100m,nearest_100m,low,low,True,False
938DE7F55DE17E1A,electric_bike,2022-10-12 16:57:25,2022-10-12 17:01:29,Canal St & Adams St,13011,Canal St & Adams St,13011,41.88,-87.64,41.88,-87.64,member,244.0,4.066666666666666,2022-10-12,16,Wednesday,October,False,False,False,0.0,False,41.88,-87.64,41.88,-87.64,41.88,-87.64,nearest_100m,low,station,station,1.124209778697984,1.124209778697984,2080.856487034045,2080.856487034045,3.7174455279569423,3.7174455279569423,False,False,True,True,True,True,True,True,nearest_100m,nearest_100m,low,low,True,True
2704D890DB4AA429,electric_bike,2023-04-19 07:29:45,2023-04-19 07:36:37,McClurg Ct & Erie St,KA1503000041,Kostner Ave & Wrightwood Ave,321,41.894581,-87.61800466666666,41.89,-87.64,member,412.0,6.866666666666666,2023-04-19,7,Wednesday,April,False,False,False,1.8905504408729892,False,41.894581,-87.618005,41.89,-87.64,41.89,-87.64,nearest_100m,low,station,station,0.0,0.0275902296873289,0.0,19.147085506002192,47.12942984193679,0.6897557569255984,False,False,True,True,True,True,True,True,nearest_100m,nearest_100m,low,low,True,True
5B550EA56F8A0F6F,electric_bike,2022-08-17 17:48:11,2022-08-17 17:48:33,Rush St & Hubbard St,KA1503000044,State St & Kinzie St,13050,41.88998282,-87.626254559,41.89,-87.63,member,22.0,0.3666666666666666,2022-08-17,17,Wednesday,August,False,False,False,0.3100409006108478,False,41.889983,-87.626255,41.89,-87.63,41.89,-87.63,nearest_100m,low,station,station,45.61803630733041,0.041631507241436,274.62831524232365,54.27583925952296,48.1545183771011,1.2911454534040594,True,False,False,True,True,True,True,True,nearest_100m,nearest_100m,low,low,True,False
49C6D3C7FB677C04,electric_bike,2022-11-15 14:39:14,2022-11-15 15:31:47,New St & Illinois St,TA1306000013,State St & Kinzie St,13050,41.89,-87.62,41.89,-87.63,member,3153.0,52.55,2022-11-15,14,Tuesday,November,False,False,False,0.8277662722011094,False,41.89,-87.62,41.89,-87.63,41.89,-87.63,nearest_100m,low,station,station,45.61803630733041,25.416315844219778,274.62831524232365,199.1744488447523,48.1545183771011,32.10639446241349,True,False,False,False,True,True,True,True,nearest_100m,nearest_100m,low,low,True,False
E17A830677C8DDC2,electric_bike,2023-03-28 12:55:45,2023-03-28 13:01:35,Sheffield Ave & Fullerton Ave,TA1306000016,Halsted St & Wrightwood Ave,TA1309000061,41.925537348,-87.653631568,41.93,-87.65,member,350.0,5.833333333333333,2023-03-28,12,Tuesday,March,False,False,False,0.5800839545741348,False,41.925537,-87.653632,41.93,-87.65,41.93,-87.65,nearest_100m,low,station,station,87.95662537194076,0.0526752966515058,127.3397721035204,6171.561218224383,95.03045629693784,0.2185833293451065,True,False,False,True,False,True,True,True,nearest_100m,nearest_100m,low,low,True,False
EEF3FD2ABDB3B6EC,electric_bike,2022-06-14 12:09:16,2022-06-14 12:13:24,Franklin St & Lake St,TA1307000111,State St & Kinzie St,13050,41.88634433333333,-87.63551916666667,41.89,-87.63,member,248.0,4.133333333333334,2022-06-14,12,Tuesday,June,False,False,False,0.611528076433421,False,41.886344,-87.635519,41.89,-87.63,41.89,-87.63,nearest_100m,low,station,station,45.61803630733041,0.0395495469019067,274.62831524232365,9913.289071949495,48.1545183771011,1.1207469128680092,True,False,False,True,True,True,True,True,nearest_100m,nearest_100m,low,low,True,False
5CED8BC1644C976C,electric_bike,2023-04-12 08:50:13,2023-04-12 08:59:46,Clybourn Ave & Division St,TA1307000115,Dearborn St & Adams St,TA1305000005,41.904646039,-87.640598297,41.88,-87.63,casual,573.0,9.55,2023-04-12,8,Wednesday,April,False,False,False,2.8774995551122857,False,41.904646,-87.640598,41.88,-87.63,41.88,-87.63,nearest_100m,low,station,station,3.764218197746515,0.0249586528708531,106.48233670149104,86.2791022175715,6.157897946715323,0.2669605197740202,False,False,True,True,True,True,True,True,nearest_100m,nearest_100m,low,low,True,True
DB23FB5C30033F71,electric_bike,2023-04-06 19:15:32,2023-04-06 19:20:18,University Ave & 57th St,KA1503000071,Hyde Park Blvd & 55th St,768,41.791400671,-87.599902987,41.79,-87.59,casual,286.0,4.766666666666667,2023-04-06,19,Thursday,April,False,False,False,0.8356511790610887,False,41.791401,-87.599903,41.79,-87.59,41.79,-87.59,nearest_100m,low,station,station,0.0,0.0365990035375617,829.0608330362022,1312.9672163596538,231.88004044374676,0.1858098477362312,False,False,True,True,True,True,True,True,nearest_100m,nearest_100m,low,low,True,True
2A6665D3B8B1E702,electric_bike,2023-04-14 17:02:04,2023-04-14 17:04:41,Desplaines St & Randolph St,15535,Kostner Ave & Wrightwood Ave,321,41.88456,-87.64441183333334,41.89,-87.64,member,157.0,2.6166666666666667,2023-04-14,17,Friday,April,False,False,False,0.7066006438548351,False,41.88456,-87.644412,41.89,-87.64,41.89,-87.64,nearest_100m,low,station,station,0.0,0.0137972801178465,0.0,1124.3406183925815,47.12942984193679,0.188144802294225,False,False,True,True,True,True,True,True,nearest_100m,nearest_100m,low,low,True,True
96E4FD5BC3A89F9B,electric_bike,2022-06-18 22:25:28,2022-06-18 22:31:47,Ellis Ave & 58th St,TA1309000011,Hyde Park Blvd & 55th St,768,41.79,-87.6,41.8,-87.59,casual,379.0,6.316666666666666,2022-06-18,22,Saturday,June,True,False,False,1.386962799322518,False,41.79,-87.6,41.8,-87.59,41.8,-87.59,nearest_100m,low,station,station,0.0,77.68133523892087,1386.9627993237789,181.79861781884028,84.32974250692342,120.22668994543211,False,False,True,False,True,False,True,True,nearest_100m,nearest_100m,low,low,False,True
BD9F2A4137AF33D9,electric_bike,2022-07-08 08:57:26,2022-07-08 09:02:03,Franklin St & Illinois St,RN-,Dearborn St & Adams St,TA1305000005,41.8910265,-87.63552116666666,41.88,-87.63,member,277.0,4.616666666666666,2022-07-08,8,Friday,July,False,False,False,1.308510092550604,False,41.891026,-87.635521,41.88,-87.63,41.88,-87.63,nearest_100m,low,station,station,3.764218197746515,0.0572835442069387,106.48233670149104,9.361742897388371,6.157897946715323,0.2254976574054949,False,False,True,True,True,True,True,True,nearest_100m,nearest_100m,low,low,True,True
468BF480FEF1BBC9,electric_bike,2022-05-31 16:54:29,2022-05-31 17:02:45,Prairie Ave & Garfield Blvd,TA1307000160,Harper Ave & 59th St,KA1503000070,41.794819355,-87.618831515,41.8,-87.6,casual,496.0,8.266666666666667,2022-05-31,16,Tuesday,May,False,False,False,1.663963924386637,False,41.794819,-87.618832,41.8,-87.6,41.8,-87.6,nearest_100m,low,station,station,51.163516063959214,0.0563450902549335,1629.7856621007566,18216.136320330395,54.2122123136312,0.1559414705268417,True,False,False,True,False,True,True,True,nearest_100m,nearest_100m,low,low,True,False
AACEA941F8D28AFE,electric_bike,2023-03-02 19:36:56,2023-03-02 19:42:50,Lake Park Ave & 53rd St,KA1503000059,Harper Ave & 59th St,KA1503000070,41.799532652,-87.586479425,41.8,-87.6,member,354.0,5.9,2023-03-02,19,Thursday,March,False,False,False,1.1219712515543436,False,41.799533,-87.586479,41.8,-87.6,41.8,-87.6,nearest_100m,low,station,station,51.163516063959214,0.0523307709244997,1629.7856621007566,19513.462098508437,54.2122123136312,0.0867638552303873,True,False,False,True,False,True,True,True,nearest_100m,nearest_100m,low,low,True,False
0608392EE7C9357B,electric_bike,2023-04-12 23:06:05,2023-04-12 23:20:38,,,Milwaukee Ave & Fullerton Ave,428,41.93,-87.66,41.93,-87.7,casual,873.0,14.55,2023-04-12,23,Wednesday,April,False,False,False,3.308990938360436,False,41.93,-87.66,41.93,-87.7,41.93,-87.7,nearest_100m,low,no_station,station,0.0,,0.0,,211.57012159522532,,False,,True,,True,,True,,nearest_100m,,low,,False,True
89CE1231735B4813,electric_bike,2022-06-07 21:27:31,2022-06-07 21:30:48,W Armitage Ave & N Sheffield Ave,20254.0,Clark St & Wrightwood Ave,TA1305000014,41.92,-87.65,41.92,-87.64,member,197.0,3.283333333333333,2022-06-07,21,Tuesday,June,False,False,False,0.8273774120763138,False,41.92,-87.65,41.92,-87.64,41.92,-87.64,nearest_100m,low,station,station,95.54530118793404,0.0,1106.0520003145684,0.0,180.94145086603965,67.10776578774036,False,False,False,True,False,True,True,True,nearest_100m,nearest_100m,low,low,True,False
5A9E9C55DB7B90CB,electric_bike,2022-07-31 07:31:57,2022-07-31 08:05:15,Wabash Ave & Grand Ave,TA1307000117,State St & Kinzie St,13050,41.891307,-87.626869,41.89,-87.63,casual,1998.0,33.3,2022-07-31,7,Sunday,July,True,False,False,0.2971378704320935,False,41.891307,-87.626869,41.89,-87.63,41.89,-87.63,nearest_100m,low,station,station,45.61803630733041,0.0,274.62831524232365,22.6149977950156,48.1545183771011,0.138621792621639,True,False,False,True,True,True,True,True,nearest_100m,nearest_100m,low,low,True,False
E05951D24DB1D1A4,electric_bike,2023-04-14 17:36:38,2023-04-14 17:37:35,Halsted St & Wrightwood Ave,TA1309000061,Sheffield Ave & Fullerton Ave,TA1306000016,41.93,-87.65,41.9256018819,-87.6537080423,member,57.0,0.95,2023-04-14,17,Friday,April,False,False,False,0.577294156038794,False,41.93,-87.65,41.925602,-87.653708,41.925602,-87.653708,nearest_100m,low,station,station,0.013590404512476,87.95662537194076,6163.551096028538,127.3397721035204,0.0981252277579662,95.03045629693784,False,True,True,False,True,False,True,True,nearest_100m,nearest_100m,low,low,False,True
B0998B661A67670C,electric_bike,2022-06-05 17:03:10,2022-06-05 17:28:03,Michigan Ave & 14th St,TA1307000124,New St & Illinois St,TA1306000013,41.864342666666666,-87.623678,41.89,-87.62,casual,1493.0,24.883333333333333,2022-06-05,17,Sunday,June,True,False,False,2.869170524662628,False,41.864343,-87.623678,41.89,-87.62,41.89,-87.62,nearest_100m,low,station,station,25.416315844219778,0.0370649754589669,199.1744488447523,9.03992727504141,32.10639446241349,0.2592537683021581,False,False,False,True,True,True,True,True,nearest_100m,nearest_100m,low,low,True,True
D30B3C9DC6A16355,electric_bike,2022-10-12 22:06:22,2022-10-12 22:13:48,Clark St & Elm St,TA1307000039,Kingsbury St & Kinzie St,KA1503000043,41.904101729,-87.631768107,41.9,-87.66,member,446.0,7.433333333333334,2022-10-12,22,Wednesday,October,False,False,False,2.3805989718066902,False,41.904102,-87.631768,41.9,-87.66,41.9,-87.66,nearest_100m,low,station,station,90.83493923529046,0.031407976683229,2139.730255848375,106.46758508847944,118.39211065292584,11.83898152028211,False,False,False,True,False,True,True,True,nearest_100m,nearest_100m,low,low,True,False
182A2866F951902F,electric_bike,2022-05-25 11:32:38,2022-05-25 11:37:01,Hyde Park Blvd & 55th St,768,Hyde Park Blvd & 55th St,768,41.79,-87.59,41.79,-87.59,member,263.0,4.383333333333334,2022-05-25,11,Wednesday,May,False,False,False,0.0,False,41.79,-87.59,41.79,-87.59,41.79,-87.59,nearest_100m,low,station,station,0.0,0.0,829.0608330362022,829.0608330362022,231.88004044374676,231.88004044374676,False,False,True,True,True,True,True,True,nearest_100m,nearest_100m,low,low,True,True
1BCD371955DEEF74,electric_bike,2022-07-07 16:48:36,2022-07-07 16:52:15,Ellis Ave & 55th St,KA1504000076,Harper Ave & 59th St,KA1503000070,41.79428866666667,-87.60146183333333,41.8,-87.6,member,219.0,3.65,2022-07-07,16,Thursday,July,False,False,False,0.6465295574642209,False,41.794289,-87.601462,41.8,-87.6,41.8,-87.6,nearest_100m,low,station,station,51.163516063959214,0.03955648045087,1629.7856621007566,17.066530602459334,54.2122123136312,0.0754065803889817,True,False,False,True,False,True,True,True,nearest_100m,nearest_100m,low,low,True,False
B59D4FFCEB41EB4C,electric_bike,2022-06-05 14:51:25,2022-06-05 14:57:09,McClurg Ct & Erie St,KA1503000041,State St & Kinzie St,13050,41.89508716666667,-87.6187235,41.89,-87.63,member,344.0,5.733333333333333,2022-06-05,14,Sunday,June,True,False,False,1.09142231049688,False,41.895087,-87.618724,41.89,-87.63,41.89,-87.63,nearest_100m,low,station,station,45.61803630733041,0.0453450419248793,274.62831524232365,97.51443135932185,48.1545183771011,0.7875040648594267,True,False,False,True,True,True,True,True,nearest_100m,nearest_100m,low,low,True,False
2A3F211DF3E1EA27,electric_bike,2023-01-24 16:54:48,2023-01-24 17:00:33,Ellis Ave & 58th St,TA1309000011,Kimbark Ave & 53rd St,TA1309000037,41.79,-87.6,41.799568,-87.594747,member,345.0,5.75,2023-01-24,16,Tuesday,January,False,False,False,1.149585951953984,False,41.79,-87.6,41.799568,-87.594747,41.799568,-87.594747,nearest_100m,low,station,station,0.0,77.68133523892087,8.017813805442232,181.79861781884028,0.0828937071849834,120.22668994543211,False,False,True,False,True,False,True,True,nearest_100m,nearest_100m,low,low,False,True
B1AF7E0E565C5EEC,electric_bike,2023-04-27 18:41:28,2023-04-27 18:49:31,Western Ave & Leland Ave,TA1307000140,Hoyne Ave & Balmoral Ave,655,41.966439,-87.68865533333333,41.98,-87.68,member,483.0,8.05,2023-04-27,18,Thursday,April,False,False,False,1.669066237591846,False,41.966439,-87.688655,41.98,-87.68,41.98,-87.68,nearest_100m,low,station,station,38.10689149802818,0.0275591668325095,164.73462194091613,22.775226350772144,108.03575069068248,0.1145592401235691,False,False,False,True,True,True,True,True,nearest_100m,nearest_100m,low,low,True,True
BA9DBC713780F6D2,electric_bike,2022-07-21 09:24:41,2022-07-21 09:34:09,Stetson Ave & South Water St,TA1308000029,Dearborn St & Adams St,TA1305000005,41.8865745,-87.62186683333333,41.88,-87.63,member,568.0,9.466666666666669,2022-07-21,9,Thursday,July,False,False,False,0.9938700819399956,False,41.886574,-87.621867,41.88,-87.63,41.88,-87.63,nearest_100m,low,station,station,3.764218197746515,0.0572837741453905,106.48233670149104,132.04185873854075,6.157897946715323,0.7462905352314573,False,False,True,True,True,True,True,True,nearest_100m,nearest_100m,low,low,True,True
E1B78AF0F4BA74B2,electric_bike,2023-03-16 15:23:49,2023-03-16 15:41:31,Federal St & Polk St,SL-008,Public Rack - Legler Regional Library,526,41.88,-87.75,41.88,-87.73,member,1062.0,17.7,2023-03-16,15,Thursday,March,False,False,False,1.655791680828193,False,41.88,-87.75,41.88,-87.73,41.88,-87.73,nearest_100m,low,station,station,0.0,0.0,0.0,10009.8559769589,185.10269923135527,438.0979458777986,False,False,True,True,True,True,True,True,nearest_100m,nearest_100m,low,low,True,True
3712FB659E996E01,electric_bike,2022-08-30 20:53:49,2022-08-30 21:03:49,Racine Ave & Belmont Ave,TA1308000019,Clark St & Wrightwood Ave,TA1305000014,41.9397155,-87.6588825,41.92,-87.64,member,600.0,10.0,2022-08-30,20,Tuesday,August,False,False,False,2.6918455185090275,False,41.939716,-87.658882,41.92,-87.64,41.92,-87.64,nearest_100m,low,station,station,95.54530118793404,0.069292161928667,1106.0520003145684,11.76869612524566,180.94145086603965,0.1359559161520407,False,False,False,True,False,True,True,True,nearest_100m,nearest_100m,low,low,True,False
9103AAB4B273E595,electric_bike,2022-07-02 17:55:59,2022-07-02 18:26:47,Clinton St & 18th St,TA1307000044,Ashland Ave & Augusta Blvd,13248,41.85796766666667,-87.64082566666667,41.9,-87.67,casual,1848.0,30.8,2022-07-02,17,Saturday,July,True,False,False,5.261012101393119,False,41.857968,-87.640826,41.9,-87.67,41.9,-87.67,nearest_100m,low,station,station,94.44494321316456,0.0462158615656232,94.44494321316456,11409.605939047022,119.93133111942078,0.3235110321770468,False,False,False,True,False,True,True,True,nearest_100m,nearest_100m,low,low,True,False
0969E667DDD6277D,electric_bike,2022-10-27 18:53:00,2022-10-27 18:59:35,Halsted St & Roscoe St,TA1309000025,Clarendon Ave & Junior Ter,13389,41.943718,-87.648931,41.96,-87.65,member,395.0,6.583333333333333,2022-10-27,18,Thursday,October,False,False,False,1.812632782376655,False,41.943718,-87.648931,41.96,-87.65,41.96,-87.65,nearest_100m,low,station,station,55.23311176225137,0.0,117.6034822484796,4.982698070006078,71.44822757924236,0.0827069822438914,False,False,False,True,False,True,True,True,nearest_100m,nearest_100m,low,low,True,False
43468C9FD048A040,electric_bike,2023-01-10 20:30:45,2023-01-10 20:35:59,Sheffield Ave & Webster Ave,TA1309000033,Dayton St & North Ave,13058,41.921637058,-87.653762937,41.91,-87.65,member,314.0,5.233333333333333,2023-01-10,20,Tuesday,January,False,False,False,1.330914083836065,False,41.921637,-87.653763,41.91,-87.65,41.91,-87.65,nearest_100m,low,station,station,53.2672077824414,0.0082922907433923,444.3976381151,4270.54460499782,58.480679909137606,0.2854824809487248,True,False,False,True,False,True,True,True,nearest_100m,nearest_100m,low,low,True,False
690DCDAF4E136D31,electric_bike,2023-04-14 17:37:28,2023-04-14 17:42:32,State St & Chicago Ave,21544,Kostner Ave & Wrightwood Ave,321,41.896523118,-87.628621221,41.89,-87.64,member,304.0,5.066666666666666,2023-04-14,17,Friday,April,False,False,False,1.188778337370863,False,41.896523,-87.628621,41.89,-87.64,41.89,-87.64,nearest_100m,low,station,station,0.0,0.0225110949394623,0.0,49.64878528932281,47.12942984193679,0.1256544416896065,False,False,True,True,True,True,True,True,nearest_100m,nearest_100m,low,low,True,True
566B54693697B52B,electric_bike,2023-03-24 19:16:20,2023-03-24 19:31:34,Seeley Ave & Roscoe St,13144,Dayton St & North Ave,13058,41.943432331,-87.679823518,41.91,-87.65,member,914.0,15.233333333333333,2023-03-24,19,Friday,March,False,False,False,4.461756644580009,False,41.943432,-87.679824,41.91,-87.65,41.91,-87.65,nearest_100m,low,station,station,53.2672077824414,0.0542573494125175,444.3976381151,2312.797098644698,58.480679909137606,1.216047457098561,True,False,False,True,False,True,True,True,nearest_100m,nearest_100m,low,low,True,False
A1233B79A5FE93C0,electric_bike,2022-10-27 18:21:55,2022-10-27 20:07:47,Hyde Park Blvd & 55th St,768,Hyde Park Blvd & 55th St,768,41.8,-87.59,41.8,-87.59,member,6352.0,105.86666666666666,2022-10-27,18,Thursday,October,False,False,False,0.0,False,41.8,-87.59,41.8,-87.59,41.8,-87.59,nearest_100m,low,station,station,0.0,0.0,1386.9627993237789,1386.9627993237789,84.32974250692342,84.32974250692342,False,False,True,True,True,True,True,True,nearest_100m,nearest_100m,low,low,True,True
FB4178EFC3AC146A,electric_bike,2022-07-05 12:37:22,2022-07-05 12:54:01,Clark St & Schreiber Ave,KA1504000156,Clarendon Ave & Junior Ter,13389,41.999254346,-87.671381116,41.96,-87.65,member,999.0,16.65,2022-07-05,12,Tuesday,July,False,False,False,4.709120324887619,False,41.999254,-87.671381,41.96,-87.65,41.96,-87.65,nearest_100m,low,station,station,55.23311176225137,0.0396495978693163,117.6034822484796,3.5833396636395114,71.44822757924236,0.166543732520069,False,False,False,True,False,True,True,True,nearest_100m,nearest_100m,low,low,True,False
E0B3A74F151D3D80,electric_bike,2022-07-18 11:05:06,2022-07-18 11:12:24,Clark St & Schiller St,TA1309000024,Kostner Ave & Wrightwood Ave,321,41.908184166666665,-87.63164566666667,41.89,-87.64,member,438.0,7.3,2022-07-18,11,Monday,July,False,False,False,2.136943625175346,False,41.908184,-87.631646,41.89,-87.64,41.89,-87.64,nearest_100m,low,station,station,0.0,0.0332317558972504,0.0,13.998032312845918,47.12942984193679,1.3943727346092225,False,False,True,True,True,True,True,True,nearest_100m,nearest_100m,low,low,True,True
39333CDA1025F785,electric_bike,2022-12-18 16:14:46,2022-12-18 16:22:10,Loomis St & Lexington St,13332,Canal St & Adams St,13011,41.87218766666667,-87.66125,41.88,-87.64,member,444.0,7.4,2022-12-18,16,Sunday,December,True,False,False,1.9621583194662588,False,41.872188,-87.66125,41.88,-87.64,41.88,-87.64,nearest_100m,low,station,station,1.124209778697984,0.0370649754589669,2080.856487034045,2.04477620231484,3.7174455279569423,0.3078632580931536,False,False,True,True,True,True,True,True,nearest_100m,nearest_100m,low,low,True,True
E9CD11C9686C604D,electric_bike,2022-10-27 23:19:51,2022-10-27 23:23:36,Dearborn St & Adams St,TA1305000005,Dearborn St & Adams St,TA1305000005,41.88,-87.63,41.88,-87.63,casual,225.0,3.75,2022-10-27,23,Thursday,October,False,False,False,0.0,False,41.88,-87.63,41.88,-87.63,41.88,-87.63,nearest_100m,low,station,station,3.764218197746515,3.764218197746515,106.48233670149104,106.48233670149104,6.157897946715323,6.157897946715323,False,False,True,True,True,True,True,True,nearest_100m,nearest_100m,low,low,True,True
